
===== issue-89-full-check.log =====
$ bun run typecheck && bun run test:policy-gate && bun run test:tool-registry-governance && bun run test:backend-api && bun run test:backend-ws && bun run test:frontend && bun run test:schemas && bun run test:core-services && bun run test:glm-provider
$ tsc --noEmit -p tsconfig.json
$ bun test ./packages/core/src/tools/policy-gate-core.test.ts ./packages/core/src/tools/policy-gate-registry.test.ts ./packages/core/src/tools/raw-data-sandbox.test.ts
bun test v1.2.19 (aad3abea)

::group::packages/core/src/tools/policy-gate-core.test.ts:
(pass) policy gate pure evaluator > allows by default and returns identical output for identical input [1.00ms]
(pass) policy gate pure evaluator > returns deterministic deny with remediation from the first denying rule [4.00ms]
(pass) policy gate pure evaluator > returns trimmed ruleId from padded rule metadata
(pass) policy gate pure evaluator > uses validated guard metadata when a raw data rule mutates during evaluation
(pass) policy gate pure evaluator > guard_class lint rejects spawn profile authority downgrades [1.00ms]
(pass) policy gate pure evaluator > guard_class lint treats Zod schema validation as reserved authority
(pass) policy gate pure evaluator > ruleId lint rejects reserved authority rule prefix impersonation for every guard class
(pass) policy gate pure evaluator > evaluatePolicyGate rejects reserved authority rule prefix impersonation for every guard class
(pass) policy gate pure evaluator > reserved authority identity helpers are field-specific [1.00ms]
(pass) policy gate pure evaluator > guard_class lint rejects unclassified hard guard rules
(pass) policy gate pure evaluator > guard_class lint rejects invalid hard guard classifications
(pass) policy gate pure evaluator > guard_class lint rejects invalid deny result classifications [1.00ms]
(pass) policy gate pure evaluator > guard_class lint rejects deny result classifications that conflict with rule metadata
(pass) policy gate pure evaluator > snake_case deny result guard_class matching rule metadata is accepted
(pass) policy gate pure evaluator > guard_class lint rejects invalid snake_case deny result classifications [1.00ms]
(pass) policy gate pure evaluator > guard_class lint rejects snake_case deny result classifications that conflict with rule metadata
(pass) policy gate pure evaluator > matching deny result guard aliases are accepted and normalized
(pass) policy gate pure evaluator > guard_class lint rejects conflicting deny result guard aliases
(pass) policy gate pure evaluator > ruleId lint rejects empty and whitespace context rule identities
(pass) policy gate pure evaluator > ruleId lint rejects duplicate context rule identities after trimming
(pass) policy gate pure evaluator > snake_case guard_class metadata propagates into deny decisions [1.00ms]
(pass) policy gate pure evaluator > remediation payload requires legal next_action plus hint and ref
(pass) policy gate pure evaluator > invalid rule remediation fails before a deny result is returned
(pass) policy gate pure evaluator > rule decision snapshot rejects proxy results without reading traps
(pass) policy gate pure evaluator > rule decision snapshot rejects accessor result fields without invoking getters [1.00ms]
(pass) policy gate pure evaluator > rule decision snapshot rejects enumerable toJSON without invoking it
(pass) policy gate pure evaluator > rule decision snapshot rejects hostile remediation fields before schema parsing
(pass) spawn profile subset policy rule > denies worker spawn when tools add an excess tool id [2.00ms]
(pass) spawn profile subset policy rule > trims canonical spawn roles before applying the profile subset rule
(pass) spawn profile subset policy rule > accepts the allowed_tools spec alias in pure policy tests
(pass) spawn profile subset policy rule > denies invalid spawn mode before normalized input can reach execution
(pass) spawn profile subset policy rule > denies missing and blank spawn instructions before normalized input can reach execution [1.00ms]
(pass) spawn profile subset policy rule > treats explicit undefined spawn allowlists as omitted
(pass) spawn profile subset policy rule > denies array spawn input with own authority fields
(pass) spawn profile subset policy rule > ignores hostile unknown spawn siblings without enumerating them
(pass) spawn profile subset policy rule > denies accessor and proxy-backed spawn allowlist entries without executing them [1.00ms]
(pass) spawn profile subset policy rule > denies non-primitive spawn roles before role trimming
(pass) spawn profile subset policy rule > denies dual tools and allowed_tools fields as ambiguous
(pass) spawn profile subset policy rule > allows worker spawn when tools are a canonical subset
(pass) spawn profile subset policy rule > allows canonical-role spawn without an explicit allowlist at pure rule level
(pass) spawn profile subset policy rule > denies spawn without a canonical role profile or explicit allowlist [1.00ms]
(pass) spawn profile subset policy rule > normalizes omitted canonical spawn tools to the role profile
(pass) spawn profile subset policy rule > normalizes padded canonical spawn roles before applying default tools
(pass) spawn profile subset policy rule > normalizes the allowed_tools alias to Zero tools
(pass) spawn profile subset policy rule > denies explicit empty and malformed canonical allowlists [1.00ms]
(pass) spawn profile subset policy rule > snapshots proxy allowlists without executing direct property gets
(pass) spawn profile subset policy rule > denies no-role malformed and over-budget explicit allowlists [1.00ms]
(pass) spawn profile subset policy rule > denies noncanonical role invalid and over-budget explicit allowlists
(pass) spawn profile subset policy rule > denies roleless and noncanonical explicit allowlists without a comparable profile [1.00ms]
(pass) spawn profile subset policy rule > bounds excess tool id denial output while keeping an edit example
(pass) spawn profile subset policy rule > denies over-count spawn tools before trim and dedup without echoing tail values
(pass) spawn profile subset policy rule > denies over-length allowed_tools before trim and dedup without echoing the value
(pass) spawn profile subset policy rule > denies over-total-character spawn tools without echoing tail values [1.00ms]
(pass) spawn limit policy rules > default SHUD context includes reserved authority spawn limit rules
(pass) spawn limit policy rules > denies spawn_agent when trusted context is already at max spawn depth
(pass) spawn limit policy rules > denies spawn_agent when trusted context reaches max concurrent subagents
(pass) spawn limit policy rules > allows spawn_agent below trusted depth and concurrency limits [1.00ms]
(pass) spawn limit policy rules > denies present-invalid trusted spawn depth metadata
(pass) spawn limit policy rules > denies present-invalid trusted active subagent count metadata
(pass) spawn limit policy rules > does not treat model-controlled spawn limit input fields as trusted context

::endgroup::

::group::packages/core/src/tools/policy-gate-registry.test.ts:
(pass) policy-gated zero tool registry > policy gate evaluator assembly rejects unclassified hard guard rules [1.00ms]
(pass) policy-gated zero tool registry > policy gate evaluator propagates snake_case rule guard_class to denial payloads [4.00ms]
(pass) policy-gated zero tool registry > policy gate producer types accept snake_case and matching guard aliases
(pass) policy-gated zero tool registry > policy gate evaluator snapshots retained context guard metadata
(pass) policy-gated zero tool registry > denies before executing the underlying bash BaseTool [1.00ms]
(pass) policy-gated zero tool registry > evaluator exceptions fail closed without executing the inner tool [1.00ms]
(pass) policy-gated zero tool registry > non-spawn policy calls do not read trusted spawn metadata getters
(pass) policy-gated zero tool registry > non-spawn input preparation failures finalize without executing the inner tool [1.00ms]
(pass) policy-gated zero tool registry > non-spawn input preparation rejects prototype-polluting fallback inputs
(pass) policy-gated zero tool registry > proxy array inputs fail before array key or descriptor traps [1.00ms]
(pass) policy-gated zero tool registry > over-length ordinary arrays fail before array key discovery or numeric descriptor reads
(pass) policy-gated zero tool registry > ordinary arrays ignore over-budget non-index own properties without array key discovery [2.00ms]
(pass) policy-gated zero tool registry > wide ordinary objects fail before per-key value reads
(pass) policy-gated zero tool registry > proxy-hostile non-spawn input fails closed without leaking trap text [1.00ms]
(pass) policy-gated zero tool registry > drifting proxy descriptors fail closed before evaluator or inner execution
(pass) policy-gated zero tool registry > non-spawn input preparation rejects isolated unsafe generic inputs [1.00ms]
(pass) policy-gated zero tool registry > non-spawn input preparation rejects non-ordinary non-array inputs
(pass) policy-gated zero tool registry > non-spawn input preparation rejects non-ordinary arrays [1.00ms]
(pass) policy-gated zero tool registry > oversized non-spawn inputs fail closed before evaluator and inner tool execution [7.00ms]
(pass) policy-gated zero tool registry > non-spawn execution snapshots preserve ordinary plain-object compatibility [1.00ms]
(pass) policy-gated zero tool registry > non-spawn evaluator direct mutations are isolated from inner execution [1.00ms]
(pass) policy-gated zero tool registry > unsupported non-spawn evaluator array push fails closed without inner execution
(pass) policy-gated zero tool registry > honest non-spawn evaluator can structuredClone input before allowing [2.00ms]
(pass) policy-gated zero tool registry > non-spawn evaluator array length growth attempts keep supported reads bounded [1.00ms]
(pass) policy-gated zero tool registry > non-spawn evaluator prototype mutation paths cannot affect inner execution [1.00ms]
(pass) policy-gated zero tool registry > non-spawn evaluator iterator result objects cannot create global prototype residue [1.00ms]
(pass) policy-gated zero tool registry > non-spawn evaluator arrays cannot create Array.prototype residue through reparenting
(pass) policy-gated zero tool registry > non-spawn evaluator exposed methods and prototypes do not retain cross-call residue [1.00ms]
(pass) policy-gated zero tool registry > malformed raw-rule deny from custom evaluator fails closed and finishes running handle [1.00ms]
(pass) policy-gated zero tool registry > malformed generic deny from custom evaluator fails without policy_gate_denied payload
(pass) policy-gated zero tool registry > custom evaluator decision snapshot rejects Proxy and accessor candidates without leaking trap text [1.00ms]
(pass) policy-gated zero tool registry > execution validator decision snapshot rejects Proxy and accessor denies without leaking trap text [1.00ms]
(pass) policy-gated zero tool registry > custom evaluator decision snapshot rejects hostile remediation without leaking trap text [1.00ms]
(pass) policy-gated zero tool registry > execution validator decision snapshot rejects hostile remediation without leaking trap text
(pass) policy-gated zero tool registry > rule-based evaluator decision snapshot fails closed through policy wrapper [1.00ms]
(pass) policy-gated zero tool registry > decision snapshot rejects enumerable toJSON without invoking it and keeps plain deny behavior
(pass) policy-gated zero tool registry > decision snapshot ignores non-consumed nested accessor and proxy payloads [1.00ms]
(pass) policy-gated zero tool registry > spawn-profile authority impersonation from custom evaluator fails closed
(pass) policy-gated zero tool registry > schema validation authority impersonation from custom evaluator fails closed [1.00ms]
(pass) policy-gated zero tool registry > empty ruleId from custom evaluator fails without policy_gate_denied payload
(pass) policy-gated zero tool registry > empty ruleId from execution validator fails without policy_gate_denied payload
(pass) policy-gated zero tool registry > SHUD policy evaluator rejects direct custom empty ruleId [1.00ms]
(pass) policy-gated zero tool registry > SHUD policy evaluator rejects direct custom missing guardClass
(pass) policy-gated zero tool registry > SHUD policy evaluator rejects direct custom invalid guardClass [1.00ms]
(pass) policy-gated zero tool registry > SHUD policy evaluator rejects direct custom conflicting guard aliases
(pass) policy-gated zero tool registry > SHUD policy evaluator rejects direct custom raw-data authority downgrade
(pass) policy-gated zero tool registry > SHUD policy evaluator rejects direct custom schema validation authority downgrade [1.00ms]
(pass) policy-gated zero tool registry > SHUD policy evaluator rejects direct custom reserved authority rule ids
(pass) policy-gated zero tool registry > missing guardClass from execution validator fails closed without policy_gate_denied payload [1.00ms]
(pass) policy-gated zero tool registry > invalid guardClass from execution validator fails closed without policy_gate_denied payload
(pass) policy-gated zero tool registry > conflicting guard aliases from execution validator fail closed without policy_gate_denied payload
(pass) policy-gated zero tool registry > raw-data authority downgrade from execution validator fails closed without policy payload [1.00ms]
(pass) policy-gated zero tool registry > raw-data authority impersonation from execution validator fails closed
(pass) policy-gated zero tool registry > spawn-profile authority impersonation from execution validator fails closed
(pass) policy-gated zero tool registry > schema validation authority impersonation from execution validator fails closed [1.00ms]
(pass) policy-gated zero tool registry > matching guard aliases from execution validator emit classified policy_gate_denied
(pass) policy-gated zero tool registry > classified execution validator denial emits policy_gate_denied with guard_class
(pass) policy-gated zero tool registry > invalid remediation from policy evaluator returns failed ToolResult [1.00ms]
(pass) policy-gated zero tool registry > policy deny redacts registered secrets before returning
(pass) policy-gated zero tool registry > reserved raw-data custom deny fails closed without leaking registered secrets [1.00ms]
(pass) policy-gated zero tool registry > wraps all registered zero tools including spawn, bash, and edit [1.00ms]
(pass) policy-gated zero tool registry > factory-returned registry owns model-visible definitions when inner toDefinition diverges
(pass) policy-gated zero tool registry > factory-returned registry snapshots metadata against retained inner tool mutation
(pass) policy-gated zero tool registry > factory-returned registry owns wrapper kind and capability snapshots
(pass) policy-gated zero tool registry > factory-returned registry rejects exposed wrapper authority shadowing [1.00ms]
(pass) policy-gated zero tool registry > generic registry lint rejects the 21st visible tool without a role [1.00ms]
(pass) policy-gated zero tool registry > factory-returned registry rejects post-return 21st wrapped tool registration [2.00ms]
(pass) policy-gated zero tool registry > factory-returned registry rejects post-return wrapped tools with bad descriptions
(pass) policy-gated zero tool registry > factory-returned registry replacements use Zero same-name semantics without double-counting [3.00ms]
(pass) policy-gated zero tool registry > factory-returned registry rewraps stale post-return replacements with current evaluator [1.00ms]
(pass) policy-gated zero tool registry > factory-returned registry keeps evaluator authority after visible options mutation
(pass) policy-gated zero tool registry > factory-returned registry public methods ignore inherited tools map mutation [1.00ms]
(pass) policy-gated zero tool registry > factory-returned registry wraps post-return unwrapped tool registration
(pass) policy-gated zero tool registry > generic wrap seam rejects descriptions missing required section headings
(pass) policy-gated zero tool registry > generic wrap seam lints final wrappers after stale prewrapped inner mutation [1.00ms]
(pass) policy-gated zero tool registry > generic wrap seam lints final visible count after stale prewrapped inner name drift
(pass) policy-gated zero tool registry > direct spawn wrapper executes only sanitized spawn input [1.00ms]
(pass) policy-gated zero tool registry > SHUD runtime assembly rejects the 21st role-visible tool [1.00ms]
(pass) policy-gated zero tool registry > SHUD runtime assembly rejects the 21st visible tool when role is omitted [1.00ms]
(pass) policy-gated zero tool registry > SHUD runtime adapts real Zero native tool descriptions before strict lint [1.00ms]
(pass) policy-gated zero tool registry > SHUD runtime assembly rejects tool descriptions missing required sections
(pass) policy-gated zero tool registry > description lint rejects section labels without bodies
(pass) policy-gated zero tool registry > description lint rejects mid-sentence section-label stuffing [1.00ms]
(pass) policy-gated zero tool registry > description lint accepts multiline section bodies
(pass) policy-gated zero tool registry > manual registry assertion rejects direct-wrapped tools above the visible count limit [1.00ms]
(pass) policy-gated zero tool registry > manual registry assertion rejects direct-wrapped tools with bad descriptions
(pass) policy-gated zero tool registry > Zod parameter schema rejection finalizes without executing the inner tool [2.00ms]
(pass) policy-gated zero tool registry > factory-returned registry snapshots Zod schema carrier against retained inner mutation [2.00ms]
(pass) policy-gated zero tool registry > wrapped Zod schema validation ignores retained safeParse monkey-patches [1.00ms]
(pass) policy-gated zero tool registry > factory-returned registry Zod validation ignores retained safeParse monkey-patches [1.00ms]
(pass) policy-gated zero tool registry > wrapped Zod schema validation ignores retained def shape mutation
(pass) policy-gated zero tool registry > factory-returned registry Zod validation ignores retained def shape mutation [1.00ms]
(pass) policy-gated zero tool registry > Zod schema hardening rejects fake safeParse carriers without deep traversal
(pass) policy-gated zero tool registry > Zod schema hardening rejects Proxy-backed schema carriers before trap traversal
(pass) policy-gated zero tool registry > Zod schema hardening fails closed on over-depth real schema side graphs [1.00ms]
(pass) policy-gated zero tool registry > Zod schema hardening fails closed on over-wide real schema side graphs [1.00ms]
(pass) policy-gated zero tool registry > Zod parameter schema rejection survives a throwing evaluator [1.00ms]
(pass) policy-gated zero tool registry > SHUD evaluator decision validation errors win before invalid Zod schema denial [1.00ms]
(pass) policy-gated zero tool registry > core evaluator guard lint errors win before invalid Zod schema denial
(pass) policy-gated zero tool registry > reserved ruleId prefixes from custom evaluators fail as invalid decisions [1.00ms]
(pass) policy-gated zero tool registry > reserved ruleId prefixes from execution validators fail as invalid decisions [1.00ms]
(pass) policy-gated zero tool registry > non-Zod evaluator decision validation errors win over execution validator denial
(pass) policy-gated zero tool registry > non-Zod execution validator errors win over evaluator denial [1.00ms]
(pass) policy-gated zero tool registry > non-Zod evaluator denials win over execution validator denial
(pass) policy-gated zero tool registry > non-Zod execution validator denial survives an ordinary throwing evaluator
(pass) policy-gated zero tool registry > policy evaluator denial wins before invalid Zod schema details
(pass) policy-gated zero tool registry > policy evaluator metadata errors win before invalid Zod schema details [2.00ms]
(pass) policy-gated zero tool registry > valid Zod path runs evaluator once and executes with parsed input [2.00ms]
(pass) policy-gated zero tool registry > valid Zod parsed-only values can be denied by the evaluator [1.00ms]
(pass) policy-gated zero tool registry > assembly fails when any registered zero tool bypasses the wrapper
(pass) policy-gated zero tool registry > forged policy-gated symbol does not satisfy assembly
(pass) policy-gated zero tool registry > SHUD sandboxed bash loads fuse rules from fuseListPath [19.00ms]
(pass) policy-gated zero tool registry > SHUD sandboxed bash snapshots inline fuse rule objects [1.00ms]
(skip) policy-gated zero tool registry > SHUD sandboxed bash snapshots root arrays at factory boundary
(pass) policy-gated zero tool registry > SHUD sandboxed bash rejects ambiguous or missing fuse sources at runtime [1.00ms]
(skip) policy-gated zero tool registry > SHUD runtime registry obtains wrapped bash with raw sandbox and fused BashTool
(skip) policy-gated zero tool registry > SHUD runtime registry denies raw ancestor rename under broad allowed root
(skip) policy-gated zero tool registry > SHUD runtime registry propagates pathResolutionRoot to sandboxed bash
(skip) policy-gated zero tool registry > SHUD runtime registry defaults audit root from pathResolutionRoot
(pass) policy-gated zero tool registry > SHUD runtime rebuilds spawn_agent so scoped registries inherit sandboxed bash [3.00ms]
(pass) policy-gated zero tool registry > SHUD runtime default evaluator denies spawn profile supersets before execution [1.00ms]
(pass) policy-gated zero tool registry > SHUD runtime denies spawn_agent from Zero subagent context before execution [3.00ms]
(pass) policy-gated zero tool registry > SHUD runtime keeps spawn depth priority when nested spawn is also at active limit [2.00ms]
(pass) policy-gated zero tool registry > SHUD runtime denies spawn_agent at trusted max active subagents before execution [2.00ms]
(pass) policy-gated zero tool registry > SHUD runtime denies malformed trusted active subagent count before execution [3.00ms]
(pass) policy-gated zero tool registry > SHUD runtime reserves spawn capacity for concurrent direct spawn calls [6.00ms]
(pass) policy-gated zero tool registry > SHUD runtime releases reserved spawn capacity after tool-availability validation denial [3.00ms]
(pass) policy-gated zero tool registry > SHUD runtime releases reserved spawn capacity after inner spawn failure [3.00ms]
(pass) policy-gated zero tool registry > SHUD runtime ignores model-controlled spawn limit fields below trusted limits [2.00ms]
(pass) policy-gated zero tool registry > SHUD runtime denies missing explicit spawn tools after custom evaluator allow [5.00ms]
(pass) policy-gated zero tool registry > SHUD runtime denies missing injected canonical spawn tools after custom evaluator allow [2.00ms]
(pass) policy-gated zero tool registry > SHUD runtime denies invalid spawn mode before custom evaluator and spawn [2.00ms]
(pass) policy-gated zero tool registry > SHUD runtime denies missing spawn instruction before custom evaluator and spawn [1.00ms]
(pass) policy-gated zero tool registry > SHUD runtime denies spawn without a canonical role before Zero defaults or explicit tools [2.00ms]
(pass) policy-gated zero tool registry > SHUD runtime denies array spawn input before custom evaluator and spawn [1.00ms]
(pass) policy-gated zero tool registry > SHUD runtime denies accessor-backed spawn tools without executing them [2.00ms]
(pass) policy-gated zero tool registry > SHUD runtime snapshots proxy-backed spawn tools without direct get traps [5.00ms]
(pass) policy-gated zero tool registry > SHUD runtime denies revoked spawn input before custom evaluator and spawn [3.00ms]
(pass) policy-gated zero tool registry > SHUD runtime denies boxed role and callable spawn input before custom evaluator and spawn [2.00ms]
(pass) policy-gated zero tool registry > SHUD runtime trims reviewer role before denying spawn profile supersets [2.00ms]
(pass) policy-gated zero tool registry > SHUD runtime denies dual tools aliases before custom evaluator and spawn [2.00ms]
(pass) policy-gated zero tool registry > SHUD runtime custom evaluator allow cannot bypass spawn profile supersets [1.00ms]
(pass) policy-gated zero tool registry > SHUD runtime executes only the sanitized spawn snapshot for drifting proxy input [6.00ms]
(pass) policy-gated zero tool registry > SHUD runtime denies oversized canonical tools before custom evaluator and spawn [2.00ms]
(pass) policy-gated zero tool registry > SHUD runtime omits large ignored spawn fields from custom evaluator input [2.00ms]
(pass) policy-gated zero tool registry > SHUD runtime denies consumed accessor spawn fields without echoing sensitive keys [1.00ms]
(pass) policy-gated zero tool registry > SHUD runtime denies no-role over-budget tools before custom evaluator and spawn [2.00ms]
(pass) policy-gated zero tool registry > SHUD runtime over-budget tools deny before hostile sibling getters are read [2.00ms]
(pass) policy-gated zero tool registry > SHUD runtime custom evaluator sees trimmed canonical spawn role [2.00ms]
(pass) policy-gated zero tool registry > SHUD runtime custom evaluator sees allowed_tools as normalized tools [6.00ms]
(pass) policy-gated zero tool registry > SHUD runtime treats explicit undefined spawn allowlists as omitted [4.00ms]
(pass) policy-gated zero tool registry > SHUD runtime denies non-plain uncloneable spawn input before custom mutation [1.00ms]
(pass) policy-gated zero tool registry > SHUD runtime custom evaluator mutation cannot widen authorized spawn input [3.00ms]
(pass) policy-gated zero tool registry > SHUD runtime custom evaluator runs after built-in allow and can deny a canonical subset [2.00ms]
(pass) policy-gated zero tool registry > SHUD runtime custom evaluator deny requires guard classification [2.00ms]
(pass) policy-gated zero tool registry > SHUD runtime normalizes omitted padded canonical role tools before Zero spawn [5.00ms]
(pass) policy-gated zero tool registry > SHUD runtime denies Zero-blocked canonical spawn tools after custom evaluator allow [3.00ms]
(pass) policy-gated zero tool registry > SHUD runtime maps allowed_tools alias to Zero tools before spawn [3.00ms]
(pass) policy-gated zero tool registry > SHUD runtime denies empty and malformed canonical spawn tools without Zero fallback [2.00ms]
(pass) policy-gated zero tool registry > SHUD runtime bounds spawn profile excess denial payload [2.00ms]
(pass) policy-gated zero tool registry > SHUD runtime policy evaluator denies bash, edit, and spawn before execution [4.00ms]
(pass) policy-gated zero tool registry > SHUD runtime rejects custom raw-data authority downgrade before raw telemetry [2.00ms]
(pass) policy-gated zero tool registry > SHUD runtime fails closed when custom outer evaluator owns raw advisory composition [3.00ms]
(pass) policy-gated zero tool registry > outer raw deny with inner advisory disabled does not execute bash side effects [2.00ms]
(pass) policy-gated zero tool registry > outer raw deny with inner advisory disabled does not execute sandbox.exec side effects [2.00ms]
(pass) policy-gated zero tool registry > outer raw deny root mismatch returns explicit non-trusted composition error [3.00ms]
(pass) policy-gated zero tool registry > SHUD runtime registry owns wrapper kind and capability snapshots [1.00ms]
(pass) policy-gated zero tool registry > SHUD runtime registry rejects model-visible wrapper shadowing [4.00ms]
(pass) policy-gated zero tool registry > SHUD runtime rewraps prewrapped tools with the current evaluator [1.00ms]
(pass) policy-gated zero tool registry > SHUD runtime rewraps stale post-return replacements with the current evaluator [4.00ms]
(pass) policy-gated zero tool registry > SHUD runtime registry public methods ignore inherited tools map mutation for edit [2.00ms]

::endgroup::

::group::packages/core/src/tools/raw-data-sandbox.test.ts:
(pass) raw data seatbelt sandbox > descendant tracker periodic sampling uses a bounded backoff schedule
(pass) raw data seatbelt sandbox > descendant tracker start performs only the bounded periodic samples [2.00ms]
(pass) raw data seatbelt sandbox > package root does not expose raw sandbox test seams or denial builders [34.00ms]
(pass) raw data seatbelt sandbox > package subpath does not expose raw sandbox test support [1.00ms]
(pass) raw data seatbelt sandbox > raw data advisory rule carries authority guard classification
(pass) raw data seatbelt sandbox > raw data advisory rule guard classification is immutable
(pass) raw data seatbelt sandbox > raw data write rule id cannot be reclassified as capability
(pass) raw data seatbelt sandbox > normal completion cleanup does not sample or signal a reused root PID
(pass) raw data seatbelt sandbox > normal completion cleanup does not signal stale reused historical PIDs [1.00ms]
(pass) raw data seatbelt sandbox > timeout cleanup does not signal historical child PID outside the live parent chain
(pass) raw data seatbelt sandbox > timeout cleanup does not signal a reused root PID through signalProcess [1.00ms]
(pass) raw data seatbelt sandbox > timeout cleanup still signals live descendants from the invocation parent chain
(pass) raw data seatbelt sandbox > forgeable sandbox denial classifier is not exported as public authority
(pass) raw data seatbelt sandbox > public raw denial converters reject reserved sandbox authority payloads
(pass) raw data seatbelt sandbox > public audit append rejects raw-denial rows [5.00ms]
(pass) raw data seatbelt sandbox > public audit append rejects missing or downgraded raw-data authority guard_class [3.00ms]
(pass) raw data seatbelt sandbox > public audit append rejects reserved non-raw rules without authority guard_class [2.00ms]
(pass) raw data seatbelt sandbox > public audit append rejects reserved non-raw error_id prefixes without authority guard_class [1.00ms]
(pass) raw data seatbelt sandbox > public audit append rejects reserved non-raw authority guard_class [1.00ms]
(pass) raw data seatbelt sandbox > public audit append rejects reserved rule prefix impersonation [2.00ms]
(pass) raw data seatbelt sandbox > public audit append rejects exact reserved rules and reserved error_id prefixes [1.00ms]
(pass) raw data seatbelt sandbox > public audit append preserves non-reserved guard_class compatibility [11.00ms]
(pass) raw data seatbelt sandbox > public audit append keeps lifecycle and non-raw denial rows available [7.00ms]
(pass) raw data seatbelt sandbox > public audit append snapshots caller row before async reservation [4.00ms]
(pass) raw data seatbelt sandbox > public audit append rejects enumerable toJSON forgery before writing [2.00ms]
(pass) raw data seatbelt sandbox > public audit append validates cheap options before reading hostile rows [1.00ms]
(pass) raw data seatbelt sandbox > public audit append rejects option proxies without reading traps [1.00ms]
(pass) raw data seatbelt sandbox > public audit append rejects option accessors without reading them [2.00ms]
(pass) raw data seatbelt sandbox > public audit append bounds protected raw path options before reading row [1.00ms]
(pass) raw data seatbelt sandbox > public audit append rejects row option accessors without executing them [1.00ms]
(pass) raw data seatbelt sandbox > public audit append rejects proxy rows without leaking trap text [1.00ms]
(pass) raw data seatbelt sandbox > public audit append rejects accessor audit row data [1.00ms]
(pass) raw data seatbelt sandbox > public audit append rejects audit rows that exceed snapshot budgets [4.00ms]
(pass) raw data seatbelt sandbox > profile builder canonicalizes paths and returns stable profile identity [7.00ms]
(pass) raw data seatbelt sandbox > profile builder denies raw ancestor literals under broad allowed roots [3.00ms]
(pass) raw data seatbelt sandbox > profile builder denies protected ancestor literals introduced by broad temp roots [3.00ms]
(skip) raw data seatbelt sandbox > relative protected raw paths resolve against stable pathResolutionRoot
(skip) raw data seatbelt sandbox > relative auditWorkspaceRoot resolves against stable pathResolutionRoot
(skip) raw data seatbelt sandbox > omitted auditWorkspaceRoot defaults to stable pathResolutionRoot workspace
(pass) raw data seatbelt sandbox > relative runtime roots without pathResolutionRoot fail closed before execution [11.00ms]
(skip) raw data seatbelt sandbox > relative protected evidence paths bind to pathResolutionRoot despite cwd drift
(skip) raw data seatbelt sandbox > snapshots protected raw and evidence root arrays at sandboxed bash construction
(skip) raw data seatbelt sandbox > snapshots allowed write root arrays at sandboxed bash construction
(skip) raw data seatbelt sandbox > interpreter payload is byte-blocked without sandbox-denial telemetry
(skip) raw data seatbelt sandbox > pipeline/stdin data flow is byte-blocked without sandbox-denial telemetry
(skip) raw data seatbelt sandbox > dynamic write target is byte-blocked without sandbox-denial telemetry
(skip) raw data seatbelt sandbox > shell dynamic state with child and grandchild is byte-blocked without sandbox-denial telemetry
(skip) raw data seatbelt sandbox > symlink and ../ alias is byte-blocked without sandbox-denial telemetry
(skip) raw data seatbelt sandbox > rename/unlink is byte-blocked without sandbox-denial telemetry
(skip) raw data seatbelt sandbox > visible symlink-only raw alias write is byte-blocked without sandbox-denial telemetry
(skip) raw data seatbelt sandbox > visible symlinked raw directory mutations are byte-blocked without sandbox-denial telemetry
(skip) raw data seatbelt sandbox > removing a workspace symlink leaf to raw is not raw-denial evidence
(skip) raw data seatbelt sandbox > visible or-true raw write with known target is byte-blocked without sandbox-denial telemetry
(skip) raw data seatbelt sandbox > interpreter file API raw write is byte-blocked without sandbox-denial telemetry
(skip) raw data seatbelt sandbox > stderr-suppressed interpreter raw write is byte-blocked without false denial telemetry
(skip) raw data seatbelt sandbox > interpreter-internal fragmented raw path with swallowed exception is byte-blocked without false denial telemetry
(pass) raw data seatbelt sandbox > interpreter mutation helpers are target-aware in advisory classification [6.00ms]
(skip) raw data seatbelt sandbox > visible semicolon-normalized interpreter raw write is byte-blocked without sandbox-denial telemetry
(skip) raw data seatbelt sandbox > visible stderr masked by true is byte-blocked without sandbox-denial telemetry
(skip) raw data seatbelt sandbox > visible child shell masked denial is byte-blocked without sandbox-denial telemetry
(skip) raw data seatbelt sandbox > fake sandbox-exec earlier in PATH cannot bypass the absolute launcher
(skip) raw data seatbelt sandbox > BASH_ENV raw-write prelude cannot run before sandbox authority
(skip) raw data seatbelt sandbox > sandboxed bash child environment does not inherit ambient host secrets
(skip) raw data seatbelt sandbox > explicit envSecrets reach sandboxed bash and are redacted from output
(skip) raw data seatbelt sandbox > direct data/raw variable-composed target with visible denial is byte-blocked without sandbox-denial telemetry
(skip) raw data seatbelt sandbox > stderr redirected away from parent does not claim sandbox denial
(skip) raw data seatbelt sandbox > Python Path.joinpath raw write is byte-blocked when interpreter errors are suppressed
(skip) raw data seatbelt sandbox > Python delete, rename, and copy-to-raw mutations are denied when stderr is suppressed
(skip) raw data seatbelt sandbox > assignment-wrapped Python hidden raw write is byte-blocked while raw read copy remains allowed
(skip) raw data seatbelt sandbox > truncated hidden interpreter write scan no longer fails closed before raw mutation
(skip) raw data seatbelt sandbox > chr-concatenated hidden interpreter raw write is byte-blocked without false denial telemetry
(skip) raw data seatbelt sandbox > Python Path receiver and named-mode raw mutations are denied
(skip) raw data seatbelt sandbox > Node unlink, rename, and copy-to-raw mutations are denied when stderr is suppressed
(skip) raw data seatbelt sandbox > Node path.join raw write is byte-blocked when interpreter errors are suppressed
(skip) raw data seatbelt sandbox > Ruby delete/copy-to-raw are denied and raw-source move preserves raw bytes while copy-to-workspace may occur when stderr is suppressed
(skip) raw data seatbelt sandbox > Ruby File.join raw write is byte-blocked when interpreter errors are suppressed
(skip) raw data seatbelt sandbox > Python r+ raw file modification is denied and preserves existing bytes
(skip) raw data seatbelt sandbox > sed -i raw mutation preserves bytes without sandbox-denial telemetry
(skip) raw data seatbelt sandbox > perl -pi raw mutation preserves bytes without sandbox-denial telemetry
(skip) raw data seatbelt sandbox > stderr-suppressed sed -i raw mutation is byte-blocked when output is hidden
(skip) raw data seatbelt sandbox > stderr-suppressed perl -pi raw mutation is byte-blocked when output is hidden
(skip) raw data seatbelt sandbox > existing raw file overwrite redirection is denied and preserves bytes
(skip) raw data seatbelt sandbox > existing raw file append redirection is denied and preserves bytes
(skip) raw data seatbelt sandbox > existing raw file truncate is denied and preserves bytes
(skip) raw data seatbelt sandbox > existing raw file dd overwrite is denied and preserves bytes
(skip) raw data seatbelt sandbox > existing raw file unsuppressed overwrite redirection is denied and preserves bytes
(skip) raw data seatbelt sandbox > existing raw file unsuppressed append redirection is denied and preserves bytes
(skip) raw data seatbelt sandbox > raw read succeeds under the same profile and is not advisory-denied
(skip) raw data seatbelt sandbox > successful raw read output containing sandbox denial text stays allowed
(skip) raw data seatbelt sandbox > raw read redirected to workspace with denial-like stdout stays allowed
(skip) raw data seatbelt sandbox > dead-branch raw target with user denial text stays generic failed result
(skip) raw data seatbelt sandbox > dead-branch raw target with forged target-qualified path denial text stays generic
(skip) raw data seatbelt sandbox > dead-branch raw target with forged basename-only target denial text stays generic
(skip) raw data seatbelt sandbox > suppressed raw denial with unrelated visible denial text stays generic failed result
(skip) raw data seatbelt sandbox > suppressed raw denial with same-basename workspace permission error stays generic
(skip) raw data seatbelt sandbox > ordinary raw read workspace-write command failure is not raw-denial evidence
(skip) raw data seatbelt sandbox > raw read copy into non-writable workspace path stays a generic command failure
(skip) raw data seatbelt sandbox > raw-reading grep with unrelated Permission denied stays a generic command failure
(skip) raw data seatbelt sandbox > Node raw read copied to workspace is not advisory-denied
(skip) raw data seatbelt sandbox > Python raw read copied to workspace is not advisory-denied
(skip) raw data seatbelt sandbox > Ruby raw read copied to workspace is not advisory-denied
(pass) raw data seatbelt sandbox > Rscript writer helpers are target-aware in advisory classification [2.00ms]
(skip) raw data seatbelt sandbox > Rscript raw writer helper with hidden output is byte-blocked
(skip) raw data seatbelt sandbox > env-wrapped Rscript hidden raw write is byte-blocked
(skip) raw data seatbelt sandbox > Rscript file mutation helpers are denied when stderr is suppressed
(skip) raw data seatbelt sandbox > Rscript raw source file.copy to workspace remains allowed
(skip) raw data seatbelt sandbox > dynamic workspace data/raw path is legal while direct dynamic raw target is denied
(skip) raw data seatbelt sandbox > workspace allowed write succeeds under the same profile
(skip) raw data seatbelt sandbox > allowed sandboxed bash logs a single outer lifecycle without profile summary leak
(skip) raw data seatbelt sandbox > running metadata matches final allowed ToolResult
(skip) raw data seatbelt sandbox > running metadata follows final ToolResult when afterExecute fails
(skip) raw data seatbelt sandbox > running metadata matches final visible generic raw-write failure
(pass) raw data seatbelt sandbox > running metadata matches final audit-unavailable ToolResult [4.00ms]
(skip) raw data seatbelt sandbox > timeout terminal metadata is owned by the outer wrapper
(skip) raw data seatbelt sandbox > timeout terminates background children before they can write
(skip) raw data seatbelt sandbox > timeout kills TERM-ignoring descendants before returning
(pass) raw data seatbelt sandbox > test running tool handle replays abort requested before handler registration
(skip) raw data seatbelt sandbox > abort terminates background children before they can write
(skip) raw data seatbelt sandbox > abort kills TERM-ignoring descendants before returning
(skip) raw data seatbelt sandbox > session-escape descendants are rejected before timeout or abort can leak writes
(pass) raw data seatbelt sandbox > real process containment escape forms remain rejected [41.00ms]
(skip) raw data seatbelt sandbox > Python floor-division is not stripped as a line comment in process preflight
(skip) raw data seatbelt sandbox > bare Python containment keyword assignments can write workspace
(pass) raw data seatbelt sandbox > earlier wait does not authorize later un-awaited background work [616.00ms]
(skip) raw data seatbelt sandbox > only top-level parent shell wait clears pending background preflight
(skip) raw data seatbelt sandbox > waited Python Popen foreground child can write workspace
(skip) raw data seatbelt sandbox > un-awaited Python Popen workspace writer is rejected before delayed side effects
(skip) raw data seatbelt sandbox > Python Popen wait after earlier sys.exit is rejected before delayed side effects
(skip) raw data seatbelt sandbox > Python Popen wait hidden behind if False is rejected before delayed side effects
(skip) raw data seatbelt sandbox > over-budget process preflight fails open without scanning delayed interpreter payload
(skip) raw data seatbelt sandbox > dynamic Python Popen kwargs are still rejected when the Popen is un-awaited
(skip) raw data seatbelt sandbox > process containment keywords as workspace data and path text are allowed
(skip) raw data seatbelt sandbox > unwaited delayed background audit subtree move fails closed with canonical audit intact
(skip) raw data seatbelt sandbox > detached delayed audit ancestor move cannot displace canonical audit
(skip) raw data seatbelt sandbox > raw source copy to workspace succeeds and raw destination copy is denied
(skip) raw data seatbelt sandbox > advisory can deny obvious static writes but fails open for uncertainty
(skip) raw data seatbelt sandbox > advisory preserves root raw denial but fails open after cwd changes
(skip) raw data seatbelt sandbox > cwd-aware interpreter targets allow workspace-local data/raw and deny protected root data/raw
(skip) raw data seatbelt sandbox > subshell cd workspace data/raw write is not advisory false-denied
(skip) raw data seatbelt sandbox > grouped cd workspace data/raw write is not advisory false-denied
(skip) raw data seatbelt sandbox > child bash cd workspace data/raw write is not advisory false-denied
(skip) raw data seatbelt sandbox > parent-relative workspace data/raw write is not treated as protected raw
(pass) raw data seatbelt sandbox > requires explicit fuse rules and rejects metadata-only innerTool composition [1.00ms]
(pass) raw data seatbelt sandbox > preserves Zero fuse denial when constructing the inner BashTool [1.00ms]
(pass) raw data seatbelt sandbox > snapshots fuse rule objects at sandboxed bash construction [1.00ms]
(pass) raw data seatbelt sandbox > fuse-denied commands finalize the running tool handle [1.00ms]
(pass) raw data seatbelt sandbox > BaseTool validation failures finalize the running tool handle [1.00ms]
(pass) raw data seatbelt sandbox > audit reservation failure fails closed before bash execution [2.00ms]
(pass) raw data seatbelt sandbox > invalid timeout values fail before bash side effects [2.00ms]
(pass) raw data seatbelt sandbox > sandboxed bash timeout metadata advertises runtime min and max [1.00ms]
(skip) raw data seatbelt sandbox > default timeout still executes a valid command
(skip) raw data seatbelt sandbox > task scratch and artifacts writes remain allowed under audit protection
(skip) raw data seatbelt sandbox > stable profile path symlink does not poison raw bytes across two calls
(pass) raw data seatbelt sandbox > profileRoot symlink into protected raw is rejected before profile artifacts [6.00ms]
(pass) raw data seatbelt sandbox > profileRoot symlink failure finalizes the running tool handle [5.00ms]
(pass) raw data seatbelt sandbox > stale protected raw root fails structurally and finalizes the running tool handle [2.00ms]
(pass) raw data seatbelt sandbox > profileRoot symlink ancestor into protected raw is rejected before missing leaf creation [4.00ms]
(pass) raw data seatbelt sandbox > tempRoot symlink into protected raw is rejected before profile artifacts [3.00ms]
(pass) raw data seatbelt sandbox > tempRoot symlink failure finalizes the running tool handle [4.00ms]
(skip) raw data seatbelt sandbox > profileRoot under workspace tasks is allowed outside the audit file
(skip) raw data seatbelt sandbox > tempRoot under workspace tasks is allowed outside the audit file
(skip) raw data seatbelt sandbox > profile cleanup skips substituted symlink target
(skip) raw data seatbelt sandbox > profile cleanup failure is logged without replacing command result
(skip) raw data seatbelt sandbox > suppressed group raw write is byte-blocked without sandbox-denial telemetry
(skip) raw data seatbelt sandbox > suppressed subshell raw write is byte-blocked without sandbox-denial telemetry
(skip) raw data seatbelt sandbox > suppressed child bash raw write is byte-blocked without sandbox-denial telemetry
(skip) raw data seatbelt sandbox > suppressed variable raw write is byte-blocked without sandbox-denial telemetry
(skip) raw data seatbelt sandbox > suppressed dynamic variable raw write is byte-blocked without sandbox-denial telemetry
(skip) raw data seatbelt sandbox > exit-zero masked dynamic raw write is byte-blocked without sandbox-denial telemetry
(skip) raw data seatbelt sandbox > colon masked dynamic raw write is byte-blocked without sandbox-denial telemetry
(skip) raw data seatbelt sandbox > stderr-before-raw-redirection dynamic raw write is byte-blocked without sandbox-denial telemetry
(skip) raw data seatbelt sandbox > suppressed raw read is not treated as a hidden sandbox denial
(pass) raw data seatbelt sandbox > audit root inside protected raw is rejected without raw audit mutation [3.00ms]
(pass) raw data seatbelt sandbox > default audit root from raw workDir is rejected without raw audit mutation [2.00ms]
(pass) raw data seatbelt sandbox > symlinked audit root into protected raw is rejected without raw audit mutation [2.00ms]
(pass) raw data seatbelt sandbox > stale audit file symlink fails closed before bash side effects [3.00ms]
(pass) raw data seatbelt sandbox > stale audit file hardlink fails closed before bash side effects [2.00ms]
(pass) raw data seatbelt sandbox > non-writable regular audit file fails closed before bash side effects [4.00ms]
(skip) raw data seatbelt sandbox > sandbox command cannot sabotage policy-gate audit subtree before denial append
(skip) raw data seatbelt sandbox > sandbox command moving audit ancestor is denied before audit identity can drift
(skip) raw data seatbelt sandbox > allowed command cannot move audit ancestor or lose canonical audit
(skip) raw data seatbelt sandbox > raw ancestor move under broad allowed root is denied and preserves bytes
(skip) raw data seatbelt sandbox > broad tempRoot cannot authorize raw ancestor moves outside scoped writes
(skip) raw data seatbelt sandbox > pre-existing hardlink residual is demonstrated and bounded nlink scan detects it
(pass) raw data seatbelt sandbox > public helpers reject relative roots instead of binding to process cwd [7.00ms]
(pass) raw data seatbelt sandbox > audit root resolves project-root fixtures and canonical workspace roots [4.00ms]
(pass) raw data seatbelt sandbox > fresh project root with data/raw but no workspace writes audit under workspace/tasks [3.00ms]
(skip) raw data seatbelt sandbox > sandboxed bash writes audit rows under canonical workspace root
(pass) raw data seatbelt sandbox > audit path segments and hardlink scan budget are bounded [6.00ms]
(skip) raw data seatbelt sandbox > output capture truncates large stdout deterministically
(skip) raw data seatbelt sandbox > large benign command inside advisory scan budget still runs under OS authority
(skip) raw data seatbelt sandbox > over-budget legal raw read and workspace write are not pre-denied
(skip) raw data seatbelt sandbox > over-budget hidden raw write can return success without denial telemetry
(skip) raw data seatbelt sandbox > over-budget dead-branch raw target with forged denial text stays generic
(skip) raw data seatbelt sandbox > over-budget visible raw write denial stays generic without sandbox-denial telemetry
(skip) raw data seatbelt sandbox > over-budget raw read with unrelated permission text stays generic failed result
(pass) raw data seatbelt sandbox > audit append rejects missing protected roots without mutating raw workspace root [1.00ms]
(pass) raw data seatbelt sandbox > audit append rejects symlink audit dir and file targets without mutating raw [5.00ms]
(pass) raw data seatbelt sandbox > audit append rejects hardlink audit file target without mutating raw [2.00ms]

::endgroup::

134 tests skipped:
(skip) policy-gated zero tool registry > SHUD sandboxed bash snapshots root arrays at factory boundary
(skip) policy-gated zero tool registry > SHUD runtime registry obtains wrapped bash with raw sandbox and fused BashTool
(skip) policy-gated zero tool registry > SHUD runtime registry denies raw ancestor rename under broad allowed root
(skip) policy-gated zero tool registry > SHUD runtime registry propagates pathResolutionRoot to sandboxed bash
(skip) policy-gated zero tool registry > SHUD runtime registry defaults audit root from pathResolutionRoot
(skip) raw data seatbelt sandbox > relative protected raw paths resolve against stable pathResolutionRoot
(skip) raw data seatbelt sandbox > relative auditWorkspaceRoot resolves against stable pathResolutionRoot
(skip) raw data seatbelt sandbox > omitted auditWorkspaceRoot defaults to stable pathResolutionRoot workspace
(skip) raw data seatbelt sandbox > relative protected evidence paths bind to pathResolutionRoot despite cwd drift
(skip) raw data seatbelt sandbox > snapshots protected raw and evidence root arrays at sandboxed bash construction
(skip) raw data seatbelt sandbox > snapshots allowed write root arrays at sandboxed bash construction
(skip) raw data seatbelt sandbox > interpreter payload is byte-blocked without sandbox-denial telemetry
(skip) raw data seatbelt sandbox > pipeline/stdin data flow is byte-blocked without sandbox-denial telemetry
(skip) raw data seatbelt sandbox > dynamic write target is byte-blocked without sandbox-denial telemetry
(skip) raw data seatbelt sandbox > shell dynamic state with child and grandchild is byte-blocked without sandbox-denial telemetry
(skip) raw data seatbelt sandbox > symlink and ../ alias is byte-blocked without sandbox-denial telemetry
(skip) raw data seatbelt sandbox > rename/unlink is byte-blocked without sandbox-denial telemetry
(skip) raw data seatbelt sandbox > visible symlink-only raw alias write is byte-blocked without sandbox-denial telemetry
(skip) raw data seatbelt sandbox > visible symlinked raw directory mutations are byte-blocked without sandbox-denial telemetry
(skip) raw data seatbelt sandbox > removing a workspace symlink leaf to raw is not raw-denial evidence
(skip) raw data seatbelt sandbox > visible or-true raw write with known target is byte-blocked without sandbox-denial telemetry
(skip) raw data seatbelt sandbox > interpreter file API raw write is byte-blocked without sandbox-denial telemetry
(skip) raw data seatbelt sandbox > stderr-suppressed interpreter raw write is byte-blocked without false denial telemetry
(skip) raw data seatbelt sandbox > interpreter-internal fragmented raw path with swallowed exception is byte-blocked without false denial telemetry
(skip) raw data seatbelt sandbox > visible semicolon-normalized interpreter raw write is byte-blocked without sandbox-denial telemetry
(skip) raw data seatbelt sandbox > visible stderr masked by true is byte-blocked without sandbox-denial telemetry
(skip) raw data seatbelt sandbox > visible child shell masked denial is byte-blocked without sandbox-denial telemetry
(skip) raw data seatbelt sandbox > fake sandbox-exec earlier in PATH cannot bypass the absolute launcher
(skip) raw data seatbelt sandbox > BASH_ENV raw-write prelude cannot run before sandbox authority
(skip) raw data seatbelt sandbox > sandboxed bash child environment does not inherit ambient host secrets
(skip) raw data seatbelt sandbox > explicit envSecrets reach sandboxed bash and are redacted from output
(skip) raw data seatbelt sandbox > direct data/raw variable-composed target with visible denial is byte-blocked without sandbox-denial telemetry
(skip) raw data seatbelt sandbox > stderr redirected away from parent does not claim sandbox denial
(skip) raw data seatbelt sandbox > Python Path.joinpath raw write is byte-blocked when interpreter errors are suppressed
(skip) raw data seatbelt sandbox > Python delete, rename, and copy-to-raw mutations are denied when stderr is suppressed
(skip) raw data seatbelt sandbox > assignment-wrapped Python hidden raw write is byte-blocked while raw read copy remains allowed
(skip) raw data seatbelt sandbox > truncated hidden interpreter write scan no longer fails closed before raw mutation
(skip) raw data seatbelt sandbox > chr-concatenated hidden interpreter raw write is byte-blocked without false denial telemetry
(skip) raw data seatbelt sandbox > Python Path receiver and named-mode raw mutations are denied
(skip) raw data seatbelt sandbox > Node unlink, rename, and copy-to-raw mutations are denied when stderr is suppressed
(skip) raw data seatbelt sandbox > Node path.join raw write is byte-blocked when interpreter errors are suppressed
(skip) raw data seatbelt sandbox > Ruby delete/copy-to-raw are denied and raw-source move preserves raw bytes while copy-to-workspace may occur when stderr is suppressed
(skip) raw data seatbelt sandbox > Ruby File.join raw write is byte-blocked when interpreter errors are suppressed
(skip) raw data seatbelt sandbox > Python r+ raw file modification is denied and preserves existing bytes
(skip) raw data seatbelt sandbox > sed -i raw mutation preserves bytes without sandbox-denial telemetry
(skip) raw data seatbelt sandbox > perl -pi raw mutation preserves bytes without sandbox-denial telemetry
(skip) raw data seatbelt sandbox > stderr-suppressed sed -i raw mutation is byte-blocked when output is hidden
(skip) raw data seatbelt sandbox > stderr-suppressed perl -pi raw mutation is byte-blocked when output is hidden
(skip) raw data seatbelt sandbox > existing raw file overwrite redirection is denied and preserves bytes
(skip) raw data seatbelt sandbox > existing raw file append redirection is denied and preserves bytes
(skip) raw data seatbelt sandbox > existing raw file truncate is denied and preserves bytes
(skip) raw data seatbelt sandbox > existing raw file dd overwrite is denied and preserves bytes
(skip) raw data seatbelt sandbox > existing raw file unsuppressed overwrite redirection is denied and preserves bytes
(skip) raw data seatbelt sandbox > existing raw file unsuppressed append redirection is denied and preserves bytes
(skip) raw data seatbelt sandbox > raw read succeeds under the same profile and is not advisory-denied
(skip) raw data seatbelt sandbox > successful raw read output containing sandbox denial text stays allowed
(skip) raw data seatbelt sandbox > raw read redirected to workspace with denial-like stdout stays allowed
(skip) raw data seatbelt sandbox > dead-branch raw target with user denial text stays generic failed result
(skip) raw data seatbelt sandbox > dead-branch raw target with forged target-qualified path denial text stays generic
(skip) raw data seatbelt sandbox > dead-branch raw target with forged basename-only target denial text stays generic
(skip) raw data seatbelt sandbox > suppressed raw denial with unrelated visible denial text stays generic failed result
(skip) raw data seatbelt sandbox > suppressed raw denial with same-basename workspace permission error stays generic
(skip) raw data seatbelt sandbox > ordinary raw read workspace-write command failure is not raw-denial evidence
(skip) raw data seatbelt sandbox > raw read copy into non-writable workspace path stays a generic command failure
(skip) raw data seatbelt sandbox > raw-reading grep with unrelated Permission denied stays a generic command failure
(skip) raw data seatbelt sandbox > Node raw read copied to workspace is not advisory-denied
(skip) raw data seatbelt sandbox > Python raw read copied to workspace is not advisory-denied
(skip) raw data seatbelt sandbox > Ruby raw read copied to workspace is not advisory-denied
(skip) raw data seatbelt sandbox > Rscript raw writer helper with hidden output is byte-blocked
(skip) raw data seatbelt sandbox > env-wrapped Rscript hidden raw write is byte-blocked
(skip) raw data seatbelt sandbox > Rscript file mutation helpers are denied when stderr is suppressed
(skip) raw data seatbelt sandbox > Rscript raw source file.copy to workspace remains allowed
(skip) raw data seatbelt sandbox > dynamic workspace data/raw path is legal while direct dynamic raw target is denied
(skip) raw data seatbelt sandbox > workspace allowed write succeeds under the same profile
(skip) raw data seatbelt sandbox > allowed sandboxed bash logs a single outer lifecycle without profile summary leak
(skip) raw data seatbelt sandbox > running metadata matches final allowed ToolResult
(skip) raw data seatbelt sandbox > running metadata follows final ToolResult when afterExecute fails
(skip) raw data seatbelt sandbox > running metadata matches final visible generic raw-write failure
(skip) raw data seatbelt sandbox > timeout terminal metadata is owned by the outer wrapper
(skip) raw data seatbelt sandbox > timeout terminates background children before they can write
(skip) raw data seatbelt sandbox > timeout kills TERM-ignoring descendants before returning
(skip) raw data seatbelt sandbox > abort terminates background children before they can write
(skip) raw data seatbelt sandbox > abort kills TERM-ignoring descendants before returning
(skip) raw data seatbelt sandbox > session-escape descendants are rejected before timeout or abort can leak writes
(skip) raw data seatbelt sandbox > Python floor-division is not stripped as a line comment in process preflight
(skip) raw data seatbelt sandbox > bare Python containment keyword assignments can write workspace
(skip) raw data seatbelt sandbox > only top-level parent shell wait clears pending background preflight
(skip) raw data seatbelt sandbox > waited Python Popen foreground child can write workspace
(skip) raw data seatbelt sandbox > un-awaited Python Popen workspace writer is rejected before delayed side effects
(skip) raw data seatbelt sandbox > Python Popen wait after earlier sys.exit is rejected before delayed side effects
(skip) raw data seatbelt sandbox > Python Popen wait hidden behind if False is rejected before delayed side effects
(skip) raw data seatbelt sandbox > over-budget process preflight fails open without scanning delayed interpreter payload
(skip) raw data seatbelt sandbox > dynamic Python Popen kwargs are still rejected when the Popen is un-awaited
(skip) raw data seatbelt sandbox > process containment keywords as workspace data and path text are allowed
(skip) raw data seatbelt sandbox > unwaited delayed background audit subtree move fails closed with canonical audit intact
(skip) raw data seatbelt sandbox > detached delayed audit ancestor move cannot displace canonical audit
(skip) raw data seatbelt sandbox > raw source copy to workspace succeeds and raw destination copy is denied
(skip) raw data seatbelt sandbox > advisory can deny obvious static writes but fails open for uncertainty
(skip) raw data seatbelt sandbox > advisory preserves root raw denial but fails open after cwd changes
(skip) raw data seatbelt sandbox > cwd-aware interpreter targets allow workspace-local data/raw and deny protected root data/raw
(skip) raw data seatbelt sandbox > subshell cd workspace data/raw write is not advisory false-denied
(skip) raw data seatbelt sandbox > grouped cd workspace data/raw write is not advisory false-denied
(skip) raw data seatbelt sandbox > child bash cd workspace data/raw write is not advisory false-denied
(skip) raw data seatbelt sandbox > parent-relative workspace data/raw write is not treated as protected raw
(skip) raw data seatbelt sandbox > default timeout still executes a valid command
(skip) raw data seatbelt sandbox > task scratch and artifacts writes remain allowed under audit protection
(skip) raw data seatbelt sandbox > stable profile path symlink does not poison raw bytes across two calls
(skip) raw data seatbelt sandbox > profileRoot under workspace tasks is allowed outside the audit file
(skip) raw data seatbelt sandbox > tempRoot under workspace tasks is allowed outside the audit file
(skip) raw data seatbelt sandbox > profile cleanup skips substituted symlink target
(skip) raw data seatbelt sandbox > profile cleanup failure is logged without replacing command result
(skip) raw data seatbelt sandbox > suppressed group raw write is byte-blocked without sandbox-denial telemetry
(skip) raw data seatbelt sandbox > suppressed subshell raw write is byte-blocked without sandbox-denial telemetry
(skip) raw data seatbelt sandbox > suppressed child bash raw write is byte-blocked without sandbox-denial telemetry
(skip) raw data seatbelt sandbox > suppressed variable raw write is byte-blocked without sandbox-denial telemetry
(skip) raw data seatbelt sandbox > suppressed dynamic variable raw write is byte-blocked without sandbox-denial telemetry
(skip) raw data seatbelt sandbox > exit-zero masked dynamic raw write is byte-blocked without sandbox-denial telemetry
(skip) raw data seatbelt sandbox > colon masked dynamic raw write is byte-blocked without sandbox-denial telemetry
(skip) raw data seatbelt sandbox > stderr-before-raw-redirection dynamic raw write is byte-blocked without sandbox-denial telemetry
(skip) raw data seatbelt sandbox > suppressed raw read is not treated as a hidden sandbox denial
(skip) raw data seatbelt sandbox > sandbox command cannot sabotage policy-gate audit subtree before denial append
(skip) raw data seatbelt sandbox > sandbox command moving audit ancestor is denied before audit identity can drift
(skip) raw data seatbelt sandbox > allowed command cannot move audit ancestor or lose canonical audit
(skip) raw data seatbelt sandbox > raw ancestor move under broad allowed root is denied and preserves bytes
(skip) raw data seatbelt sandbox > broad tempRoot cannot authorize raw ancestor moves outside scoped writes
(skip) raw data seatbelt sandbox > pre-existing hardlink residual is demonstrated and bounded nlink scan detects it
(skip) raw data seatbelt sandbox > sandboxed bash writes audit rows under canonical workspace root
(skip) raw data seatbelt sandbox > output capture truncates large stdout deterministically
(skip) raw data seatbelt sandbox > large benign command inside advisory scan budget still runs under OS authority
(skip) raw data seatbelt sandbox > over-budget legal raw read and workspace write are not pre-denied
(skip) raw data seatbelt sandbox > over-budget hidden raw write can return success without denial telemetry
(skip) raw data seatbelt sandbox > over-budget dead-branch raw target with forged denial text stays generic
(skip) raw data seatbelt sandbox > over-budget visible raw write denial stays generic without sandbox-denial telemetry
(skip) raw data seatbelt sandbox > over-budget raw read with unrelated permission text stays generic failed result

 296 pass
 134 skip
 0 fail
 2494 expect() calls
Ran 430 tests across 3 files. [1.74s]
$ bun test ./packages/core/src/tools/role-tool-map.test.ts
bun test v1.2.19 (aad3abea)

::group::packages/core/src/tools/role-tool-map.test.ts:
(pass) canonical role to tool id map > matches the OpenSpec exact sorted toolIds snapshot oracle [1.00ms]
(pass) canonical role to tool id map > contains exactly the five canonical roles with no extra or missing roles
(pass) canonical role to tool id map > keeps the RoleToolId union aligned with the exact comparable ids
(pass) canonical role to tool id map > keeps comparable snapshots limited to sorted toolIds
(pass) canonical role to tool id map > keeps repo_explorer and reviewer free of write-class tool ids
(pass) canonical role to tool id map > keeps spawn and wait tools exclusive to coordinator
(pass) canonical role to tool id map > keeps coordinator free of bash and repository source edit tools
(pass) canonical role to tool id map > keeps worker free of repository source edit tools
(pass) canonical role to tool id map > keeps coder as the only role with write, edit, or patch.apply
(pass) canonical role to tool id map > checks subset semantics against toolIds only
(pass) canonical role to tool id map > keeps proposal memory adapter explicit and excludes raw Zero memory

::endgroup::

 11 pass
 0 fail
 41 expect() calls
Ran 11 tests across 1 file. [15.00ms]
$ bun test ./packages/backend/src/routes/*.test.ts && bun scripts/local-auth/adversarial-matrix.ts
bun test v1.2.19 (aad3abea)

::group::packages/backend/src/routes/failure-occurrence-ledger-routes.test.ts:
(pass) backend failure occurrence ledger boundary > serializes a one-shot trusted typed primary without reclassifying its Proxy [16.00ms]
{"ts":"2026-07-23T14:41:31.610Z","level":"warn","service":"shud-harness-backend","event":"api.request.completed","request_id":"req_ce7b32af-1aea-437d-8baf-3d30f92119e4","route":"/api/tasks","status":409,"duration_ms":4}
(pass) backend failure occurrence ledger boundary > serializes typed fields after adopting a generic controlled-Proxy carrier [2.00ms]
{"ts":"2026-07-23T14:41:31.614Z","level":"warn","service":"shud-harness-backend","event":"api.request.completed","request_id":"req_3a23216d-2209-4b36-aacb-890285f327df","route":"/api/tasks","status":409,"duration_ms":0}
{"ts":"2026-07-23T14:41:31.616Z","level":"error","service":"shud-harness-backend","event":"api.request.completed","request_id":"req_9af8eae7-25dc-47e3-9d9e-2b4c65cebb5d","route":"/api/tasks","status":500,"duration_ms":0}
{"ts":"2026-07-23T14:41:31.617Z","level":"error","service":"shud-harness-backend","event":"api.request.completed","request_id":"req_ec9f1e5e-3745-49b9-a44b-181d43e2d856","route":"/api/tasks","status":500,"duration_ms":0}
{"ts":"2026-07-23T14:41:31.617Z","level":"error","service":"shud-harness-backend","event":"api.request.completed","request_id":"req_f98102e7-b2dc-4cb2-8109-507958c7be19","route":"/api/tasks","status":500,"duration_ms":0}
(pass) backend failure occurrence ledger boundary > rejects prototype, Proxy, AggregateError, and ledger-like typed forgeries [3.00ms]
{"ts":"2026-07-23T14:41:31.618Z","level":"error","service":"shud-harness-backend","event":"api.request.completed","request_id":"req_376eae48-78ec-4d8f-83b7-4f33c342893c","route":"/api/tasks","status":500,"duration_ms":0}
(pass) backend failure occurrence ledger boundary > keeps an untrusted typed-looking service failure on the generic 500 path [1.00ms]

::endgroup::

::group::packages/backend/src/routes/frontend-entry.test.ts:
{"ts":"2026-07-23T14:41:31.621Z","level":"error","service":"shud-harness-backend","event":"api.request.completed","request_id":"req_140cd4e1-adfd-4675-8ec2-50ccdcf1941d","route":"/api/tasks","status":500,"duration_ms":0}
(pass) production frontend entry > bootstraps the local token and completes browser create/list through the API wrapper [86.00ms]
(pass) production frontend entry > serves both frontend aliases with anti-framing and credential-safe headers [2.00ms]
(pass) production frontend entry > does not disclose the bootstrap to a non-loopback Host origin [1.00ms]
(pass) production frontend entry > returns a generic 503 when file authority changes before the dashboard proof [13.00ms]
(pass) production frontend entry > returns a generic 503 when file authority changes during root snapshot rendering [7.00ms]

::endgroup::

::group::packages/backend/src/routes/index.test.ts:
{"ts":"2026-07-23T14:41:32.487Z","level":"info","service":"shud-harness-backend","event":"api.request.completed","request_id":"req_35a16cc1-dafc-4fa4-8435-76e4cd8b6343","route":"/api/workspace/init","status":200,"duration_ms":54}
(pass) backend workspace and health routes > POST /api/workspace/init creates the canonical M1 runtime directory tree [88.00ms]
{"ts":"2026-07-23T14:41:32.521Z","level":"info","service":"shud-harness-backend","event":"api.request.completed","request_id":"req_9bac043f-7414-4e1d-86bc-3b543ccbaacf","route":"/api/health/ready","status":200,"duration_ms":32}
(pass) backend workspace and health routes > POST /api/workspace/init creates an absent workspace root leaf when its parent is safe [22.00ms]
{"ts":"2026-07-23T14:41:32.545Z","level":"info","service":"shud-harness-backend","event":"api.request.completed","request_id":"req_f4c654b9-b5e4-4c0f-9f2e-af1767f352fa","route":"/api/workspace/init","status":200,"duration_ms":21}
{"ts":"2026-07-23T14:41:32.571Z","level":"info","service":"shud-harness-backend","event":"api.request.completed","request_id":"req_a44a0a80-db01-48a2-a3fb-4c4686724c0e","route":"/api/workspace/init","status":200,"duration_ms":22}
(pass) backend workspace and health routes > POST /api/workspace/init is idempotent and preserves existing files [40.00ms]
{"ts":"2026-07-23T14:41:32.587Z","level":"info","service":"shud-harness-backend","event":"api.request.completed","request_id":"req_089f4a48-3429-4cb3-9b17-af601be4d6ff","route":"/api/workspace/init","status":200,"duration_ms":16}
{"ts":"2026-07-23T14:41:32.613Z","level":"info","service":"shud-harness-backend","event":"api.request.completed","request_id":"req_394dd3b7-69ab-4291-9a1c-74a56acf9c12","route":"/api/workspace/init","status":200,"duration_ms":23}
{"ts":"2026-07-23T14:41:32.613Z","level":"info","service":"shud-harness-backend","event":"api.request.completed","request_id":"req_0f9c7778-d583-40db-aefb-6bef54be523a","route":"/api/workspace/init","status":200,"duration_ms":23}
{"ts":"2026-07-23T14:41:32.613Z","level":"info","service":"shud-harness-backend","event":"api.request.completed","request_id":"req_20eefcca-88b2-48a9-8e21-f720acf57b5d","route":"/api/workspace/init","status":200,"duration_ms":23}
{"ts":"2026-07-23T14:41:32.613Z","level":"info","service":"shud-harness-backend","event":"api.request.completed","request_id":"req_fca68949-d755-49a7-984e-0cb774d1feaa","route":"/api/workspace/init","status":200,"duration_ms":23}
{"ts":"2026-07-23T14:41:32.613Z","level":"info","service":"shud-harness-backend","event":"api.request.completed","request_id":"req_a8cfa629-56db-4b0a-915e-bf2283aed934","route":"/api/workspace/init","status":200,"duration_ms":23}
{"ts":"2026-07-23T14:41:32.613Z","level":"info","service":"shud-harness-backend","event":"api.request.completed","request_id":"req_c75dea62-dd8b-4453-b7c2-1bacb2dc6d1d","route":"/api/workspace/init","status":200,"duration_ms":23}
(pass) backend workspace and health routes > POST /api/workspace/init tolerates concurrent duplicate requests [28.00ms]
{"ts":"2026-07-23T14:41:32.677Z","level":"info","service":"shud-harness-backend","event":"api.request.completed","request_id":"req_6b627a44-29cd-4211-abd2-c1f94bf67c3e","route":"/api/workspace/init","status":200,"duration_ms":57}
{"ts":"2026-07-23T14:41:32.736Z","level":"info","service":"shud-harness-backend","event":"api.request.completed","request_id":"req_15eb6b1a-7bc5-44e0-bda8-8b538d71e934","route":"/api/workspace/init","status":200,"duration_ms":55}
{"ts":"2026-07-23T14:41:32.807Z","level":"info","service":"shud-harness-backend","event":"api.request.completed","request_id":"req_36be83e7-e9b8-4945-b3e3-c2d1632c3aef","route":"/api/workspace/init","status":200,"duration_ms":61}
{"ts":"2026-07-23T14:41:32.854Z","level":"info","service":"shud-harness-backend","event":"api.request.completed","request_id":"req_2a9a1124-a34f-49dc-81af-9883ae382cd1","route":"/api/workspace/init","status":200,"duration_ms":41}
{"ts":"2026-07-23T14:41:32.909Z","level":"info","service":"shud-harness-backend","event":"api.request.completed","request_id":"req_5b356e76-a297-4b44-beb3-d5d9974ebf5d","route":"/api/workspace/init","status":200,"duration_ms":48}
{"ts":"2026-07-23T14:41:32.964Z","level":"info","service":"shud-harness-backend","event":"api.request.completed","request_id":"req_6ff8248d-d7f8-4206-a154-f9d102a6e1c1","route":"/api/workspace/init","status":200,"duration_ms":45}
{"ts":"2026-07-23T14:41:33.002Z","level":"info","service":"shud-harness-backend","event":"api.request.completed","request_id":"req_ebaa511f-b64f-4fe2-a826-c546b9666dc3","route":"/api/workspace/init","status":200,"duration_ms":36}
{"ts":"2026-07-23T14:41:33.043Z","level":"info","service":"shud-harness-backend","event":"api.request.completed","request_id":"req_aa4389d5-ead8-48f1-b810-ea03dca4034b","route":"/api/workspace/init","status":200,"duration_ms":38}
{"ts":"2026-07-23T14:41:33.097Z","level":"info","service":"shud-harness-backend","event":"api.request.completed","request_id":"req_9d0fa8b4-e93c-457d-b072-8b7adbfef3b0","route":"/api/workspace/init","status":200,"duration_ms":44}
(pass) backend workspace and health routes > workspace init and record writers share canonical missing-child authority [480.01ms]
(pass) backend workspace and health routes > GET /api/health/live returns OBS-HEALTH-001 fields without workspace readiness [1.00ms]
{"ts":"2026-07-07T00:00:03.500Z","level":"info","service":"shud-harness-backend","event":"api.request.completed","request_id":"req_93cd9a16-44cc-4268-9e45-5e58780f9fe8","route":"/api/health/live","status":200,"duration_ms":0}
(pass) backend workspace and health routes > API requests emit one OBS-LOG-001 NDJSON line with the response request id [7.00ms]
(pass) backend workspace and health routes > HEAD API requests use their GET-backed route patterns in request logs [11.00ms]
(pass) backend workspace and health routes > API error responses share a request id with the structured request log [8.00ms]
(pass) backend workspace and health routes > API request logs redact secret-like values and preserve secret refs [6.00ms]
(pass) backend workspace and health routes > API request logging does not wait for delayed or failing sinks [140.00ms]
(pass) backend workspace and health routes > GET /api/health/ready is not_ready before init while live stays ok [7.00ms]
{"ts":"2026-07-23T14:41:33.290Z","level":"error","service":"shud-harness-backend","event":"api.request.completed","request_id":"req_c44cac86-2f47-4063-90b0-c96a38ab73eb","route":"/api/health/ready","status":503,"duration_ms":6}
{"ts":"2026-07-23T14:41:33.290Z","level":"info","service":"shud-harness-backend","event":"api.request.completed","request_id":"req_ddc1733a-b6e5-458e-9205-952091b76e3c","route":"/api/health/live","status":200,"duration_ms":0}
{"ts":"2026-07-23T14:41:33.312Z","level":"info","service":"shud-harness-backend","event":"api.request.completed","request_id":"req_65a5a5cd-4eaa-4c6b-bf58-198c1ea9d7f5","route":"/api/workspace/init","status":200,"duration_ms":21}
(pass) backend workspace and health routes > GET /api/health/ready is ok after init with directory, snapshot, and writable checks [42.00ms]
{"ts":"2026-07-23T14:41:33.332Z","level":"info","service":"shud-harness-backend","event":"api.request.completed","request_id":"req_1fcaf753-7e09-410a-9619-5be60828a549","route":"/api/health/ready","status":200,"duration_ms":20}
{"ts":"2026-07-23T14:41:33.354Z","level":"info","service":"shud-harness-backend","event":"api.request.completed","request_id":"req_54eee73f-f217-4642-b1de-c89315ff3793","route":"/api/workspace/init","status":200,"duration_ms":19}
{"ts":"2026-07-23T14:41:33.378Z","level":"info","service":"shud-harness-backend","event":"api.request.completed","request_id":"req_8d34f0fc-b6be-4eea-90f4-5bcf75ed108d","route":"/api/health/ready","status":200,"duration_ms":21}
(pass) backend workspace and health routes > default writable probe converges with an active root record publication [48.00ms]
{"ts":"2026-07-23T14:41:33.403Z","level":"info","service":"shud-harness-backend","event":"api.request.completed","request_id":"req_6ae6d2aa-28bd-4781-8f9c-7965ebcefbec","route":"/api/workspace/init","status":200,"duration_ms":19}
{"ts":"2026-07-23T14:41:33.413Z","level":"error","service":"shud-harness-backend","event":"api.request.completed","request_id":"req_c02d6730-8bed-49fb-8fab-049227e74d39","route":"/api/health/ready","status":503,"duration_ms":10}
{"ts":"2026-07-23T14:41:33.434Z","level":"info","service":"shud-harness-backend","event":"api.request.completed","request_id":"req_66145711-3127-42f1-8202-b869fe12691f","route":"/api/workspace/init","status":200,"duration_ms":20}
(pass) backend workspace and health routes > custom writable probe mutation and root replacement fail closed after exact reproof [60.00ms]
{"ts":"2026-07-23T14:41:33.443Z","level":"error","service":"shud-harness-backend","event":"api.request.completed","request_id":"req_1d1d6832-444a-44b6-9ff2-716ecbe3660a","route":"/api/health/ready","status":503,"duration_ms":9}
{"ts":"2026-07-23T14:41:33.465Z","level":"info","service":"shud-harness-backend","event":"api.request.completed","request_id":"req_a304a6d1-b7d8-4382-aec1-5f0f0aafa050","route":"/api/workspace/init","status":200,"duration_ms":19}
(pass) backend workspace and health routes > GET /api/health/ready reports injected workspace_writable failure in the configured root [29.00ms]
{"ts":"2026-07-23T14:41:33.474Z","level":"error","service":"shud-harness-backend","event":"api.request.completed","request_id":"req_3233a6ab-260f-4d8c-bfcb-295c01dd7eba","route":"/api/health/ready","status":503,"duration_ms":9}
{"ts":"2026-07-23T14:41:33.494Z","level":"info","service":"shud-harness-backend","event":"api.request.completed","request_id":"req_564dbe13-a3c2-45ae-96e9-9c928eb60779","route":"/api/workspace/init","status":200,"duration_ms":18}
(pass) backend workspace and health routes > blank workspace option and env values fall back to workspace under the current cwd [20.00ms]
{"ts":"2026-07-23T14:41:33.516Z","level":"info","service":"shud-harness-backend","event":"api.request.completed","request_id":"req_022ef4e5-bdf2-4a7c-a1d8-f1bd779c7770","route":"/api/workspace/init","status":200,"duration_ms":18}
(pass) backend workspace and health routes > HARNESS_WORKSPACE_DIR configures workspace root and takes precedence over the legacy env [37.00ms]
{"ts":"2026-07-23T14:41:33.534Z","level":"info","service":"shud-harness-backend","event":"api.request.completed","request_id":"req_3abd85de-dc01-4eb5-b1b3-33af0bced35b","route":"/api/health/ready","status":200,"duration_ms":18}
(pass) backend workspace and health routes > POST /api/workspace/init rejects a missing parent outside the configured root leaf [2.00ms]
{"ts":"2026-07-23T14:41:33.538Z","level":"error","service":"shud-harness-backend","event":"api.request.completed","request_id":"req_42368ece-aac0-4184-bc27-9662393acd30","route":"/api/workspace/init","status":500,"duration_ms":1}
{"ts":"2026-07-23T14:41:33.540Z","level":"error","service":"shud-harness-backend","event":"api.request.completed","request_id":"req_9a5637cd-b552-4532-9060-d78cff6ab6b1","route":"/api/workspace/init","status":500,"duration_ms":1}
{"ts":"2026-07-23T14:41:33.556Z","level":"error","service":"shud-harness-backend","event":"api.request.completed","request_id":"req_be027945-4473-49d5-b507-b7f76fa20b4b","route":"/api/health/ready","status":503,"duration_ms":17}
(pass) backend workspace and health routes > POST /api/workspace/init rejects a symlinked canonical parent without writing outside [19.00ms]
{"ts":"2026-07-23T14:41:33.558Z","level":"error","service":"shud-harness-backend","event":"api.request.completed","request_id":"req_ea433c78-7cab-452e-a9d2-dcd16a2aed73","route":"/api/workspace/init","status":500,"duration_ms":0}
(pass) backend workspace and health routes > POST /api/workspace/init rejects a symlinked configured ancestor without writing outside [7.00ms]
{"ts":"2026-07-23T14:41:33.564Z","level":"error","service":"shud-harness-backend","event":"api.request.completed","request_id":"req_866a9e3d-b11d-4217-bfd5-4ecd6f657c6c","route":"/api/health/ready","status":503,"duration_ms":6}
(pass) backend workspace and health routes > POST /api/workspace/init rejects a symlinked workspace root without writing outside [2.00ms]
{"ts":"2026-07-23T14:41:33.566Z","level":"error","service":"shud-harness-backend","event":"api.request.completed","request_id":"req_8714d488-526a-4371-a577-e0c2dd4ef86c","route":"/api/workspace/init","status":500,"duration_ms":1}
(pass) backend workspace and health routes > GET /api/health/ready rejects a symlinked canonical leaf as not readable [22.00ms]
{"ts":"2026-07-23T14:41:33.588Z","level":"error","service":"shud-harness-backend","event":"api.request.completed","request_id":"req_78049fc0-2821-439d-bb6a-b6f626c4fc99","route":"/api/health/ready","status":503,"duration_ms":17}
(pass) backend workspace and health routes > GET /api/health/ready revalidates a snapshot symlink swap after probing [19.00ms]
{"ts":"2026-07-23T14:41:33.609Z","level":"error","service":"shud-harness-backend","event":"api.request.completed","request_id":"req_e2b4aacf-8af6-4acc-b643-36b838e2719f","route":"/api/health/ready","status":503,"duration_ms":17}
(pass) backend workspace and health routes > GET /api/health/ready does not run the writable probe for a symlinked workspace root [8.00ms]
{"ts":"2026-07-23T14:41:33.618Z","level":"error","service":"shud-harness-backend","event":"api.request.completed","request_id":"req_88074a72-23c5-4a77-b488-e1309e1b73be","route":"/api/health/ready","status":503,"duration_ms":7}
{"ts":"2026-07-23T14:41:33.639Z","level":"info","service":"shud-harness-backend","event":"api.request.completed","request_id":"req_818864d5-085b-4f3c-8ed2-d2d108af2948","route":"/api/workspace/init","status":200,"duration_ms":20}
(pass) backend workspace and health routes > GET /api/health/ready isolates injected snapshot_readable failure after init [39.00ms]
{"ts":"2026-07-23T14:41:33.657Z","level":"error","service":"shud-harness-backend","event":"api.request.completed","request_id":"req_102e7730-9e44-4fae-9e0f-cda149b8fa79","route":"/api/health/ready","status":503,"duration_ms":18}
{"ts":"2026-07-23T14:41:33.680Z","level":"info","service":"shud-harness-backend","event":"api.request.completed","request_id":"req_fa45e3fc-f814-4fb4-8115-2f56f681caae","route":"/api/workspace/init","status":200,"duration_ms":21}
(pass) backend workspace and health routes > GET /api/health/ready accepts a default snapshot readability probe with many entries [56.00ms]
{"ts":"2026-07-23T14:41:33.714Z","level":"info","service":"shud-harness-backend","event":"api.request.completed","request_id":"req_03d2e9c4-8679-46ae-9602-39175862e68d","route":"/api/health/ready","status":200,"duration_ms":20}
(pass) backend workspace and health routes > POST /api/tasks creates a TaskCard and list/detail return stable shapes [10.00ms]
{"ts":"2026-07-07T12:00:00.000Z","level":"info","service":"shud-harness-backend","event":"api.request.completed","request_id":"req_45301a99-78a0-47c0-a8e5-f75a1438aa97","route":"/api/tasks","status":201,"duration_ms":9}
{"ts":"2026-07-07T12:00:00.000Z","level":"info","service":"shud-harness-backend","event":"api.request.completed","request_id":"req_b4ca1446-98fc-4e2c-b7ab-b1c445dcbb93","route":"/api/tasks","status":200,"duration_ms":0}
{"ts":"2026-07-07T12:00:00.000Z","level":"info","service":"shud-harness-backend","event":"api.request.completed","request_id":"req_f19f8e4b-a034-48a5-81d9-b0f84eaafc3b","route":"/api/tasks/:id","status":200,"duration_ms":0}
(pass) backend workspace and health routes > POST /api/tasks defaults created_by when omitted [6.00ms]
{"ts":"2026-07-07T12:01:00.000Z","level":"info","service":"shud-harness-backend","event":"api.request.completed","request_id":"req_58dd3215-15e8-4562-8dc3-30a1b94cd74e","route":"/api/tasks","status":201,"duration_ms":6}
(pass) backend workspace and health routes > POST /api/tasks writes a TaskSnapshot with nested TaskCard recovery data [8.00ms]
{"ts":"2026-07-07T12:02:00.000Z","level":"info","service":"shud-harness-backend","event":"api.request.completed","request_id":"req_d2605eb7-64f3-4307-9272-c7343bf583df","route":"/api/tasks","status":201,"duration_ms":7}
{"ts":"2026-07-07T12:03:00.000Z","level":"info","service":"shud-harness-backend","event":"api.request.completed","request_id":"req_b216646d-a169-4c6b-9e7a-ff5568d6edcb","route":"/api/tasks","status":201,"duration_ms":6}
(pass) backend workspace and health routes > task snapshots recover list and detail after creating a fresh app [12.00ms]
{"ts":"2026-07-23T14:41:33.762Z","level":"info","service":"shud-harness-backend","event":"api.request.completed","request_id":"req_908ed8fe-0ea6-4c90-a8db-f62e625e35a1","route":"/api/tasks","status":200,"duration_ms":6}
{"ts":"2026-07-23T14:41:33.762Z","level":"info","service":"shud-harness-backend","event":"api.request.completed","request_id":"req_68d6312d-7747-4fc8-9ed0-cbb08fdf4bf7","route":"/api/tasks/:id","status":200,"duration_ms":0}
{"ts":"2026-07-07T12:03:10.000Z","level":"info","service":"shud-harness-backend","event":"api.request.completed","request_id":"req_cedea095-bd60-4e2a-a59b-800a3f916dd7","route":"/api/tasks","status":201,"duration_ms":6}
{"ts":"2026-07-23T14:41:33.775Z","level":"error","service":"shud-harness-backend","event":"api.request.completed","request_id":"req_ecce887e-eb58-4358-981f-4f3083602f13","route":"/api/tasks","status":500,"duration_ms":4}
{"ts":"2026-07-23T14:41:33.781Z","level":"error","service":"shud-harness-backend","event":"api.request.completed","request_id":"req_c5de9449-fd63-40ca-a749-61164fdb6843","route":"/api/tasks/:id","status":500,"duration_ms":6}
{"ts":"2026-07-23T14:41:33.784Z","level":"info","service":"shud-harness-backend","event":"api.request.completed","request_id":"req_e1ee3d42-f6c3-4ee8-b7d4-a98cdcef52b7","route":"/api/tasks","status":200,"duration_ms":3}
{"ts":"2026-07-23T14:41:33.784Z","level":"info","service":"shud-harness-backend","event":"api.request.completed","request_id":"req_27da7432-008b-4524-a69e-67ce3bd184b1","route":"/api/tasks/:id","status":200,"duration_ms":0}
{"ts":"2026-07-07T12:03:10.000Z","level":"info","service":"shud-harness-backend","event":"api.request.completed","request_id":"req_7ad991e4-7b61-4da8-9f44-e05425bf6a38","route":"/api/tasks","status":201,"duration_ms":6}
{"ts":"2026-07-23T14:41:33.797Z","level":"error","service":"shud-harness-backend","event":"api.request.completed","request_id":"req_f578a3d9-39f9-47e4-affa-17db261e3109","route":"/api/tasks","status":500,"duration_ms":2}
{"ts":"2026-07-23T14:41:33.800Z","level":"error","service":"shud-harness-backend","event":"api.request.completed","request_id":"req_62ed489c-5a95-46e1-9791-2317b29391a1","route":"/api/tasks/:id","status":500,"duration_ms":2}
(pass) backend workspace and health routes > fresh app list and detail reject unknown top-level and task_card snapshot fields [40.00ms]
{"ts":"2026-07-23T14:41:33.803Z","level":"info","service":"shud-harness-backend","event":"api.request.completed","request_id":"req_dc31b922-b843-451a-9d2b-c682bd25fe76","route":"/api/tasks","status":200,"duration_ms":3}
{"ts":"2026-07-23T14:41:33.803Z","level":"info","service":"shud-harness-backend","event":"api.request.completed","request_id":"req_cac200f8-7f44-4ec7-b0ad-7c17f61b118e","route":"/api/tasks/:id","status":200,"duration_ms":0}
{"ts":"2026-07-07T12:03:30.000Z","level":"info","service":"shud-harness-backend","event":"api.request.completed","request_id":"req_c293ea97-a9c1-48ac-b8f1-1f4ef147c062","route":"/api/tasks","status":201,"duration_ms":120}
{"ts":"2026-07-07T12:03:30.000Z","level":"info","service":"shud-harness-backend","event":"api.request.completed","request_id":"req_85d2e115-ce4a-4b2f-b8de-566b679b2e6c","route":"/api/tasks","status":200,"duration_ms":41}
{"ts":"2026-07-07T12:03:30.000Z","level":"info","service":"shud-harness-backend","event":"api.request.completed","request_id":"req_b60c2694-79d7-41b2-b53e-d3f82b042c06","route":"/api/tasks","status":200,"duration_ms":1}
(pass) backend workspace and health routes > POST /api/tasks replays same Idempotency-Key and body without duplicate snapshots [167.00ms]
{"ts":"2026-07-07T12:03:30.125Z","level":"info","service":"shud-harness-backend","event":"api.request.completed","request_id":"req_e7daf6af-3753-491f-b5f4-d5c865611dec","route":"/api/tasks","status":201,"duration_ms":98}
(pass) backend workspace and health routes > POST /api/tasks delegates normal-owner pre-completion observation to completeRecord [102.00ms]
{"ts":"2026-07-07T12:03:30.125Z","level":"error","service":"shud-harness-backend","event":"api.request.completed","request_id":"req_6e2407eb-32c1-4487-9f03-0e0c13695160","route":"/api/tasks","status":500,"duration_ms":64}
(pass) backend workspace and health routes > POST /api/tasks retains a committed snapshot when completion cleanup and reconciliation reads fail [111.00ms]
{"ts":"2026-07-07T12:03:30.125Z","level":"info","service":"shud-harness-backend","event":"api.request.completed","request_id":"req_ee3a3745-1fe0-4188-a00b-c75204299f24","route":"/api/tasks","status":200,"duration_ms":42}
{"ts":"2026-07-07T12:03:30.125Z","level":"info","service":"shud-harness-backend","event":"api.request.completed","request_id":"req_d1245849-fa09-4a7e-a65e-f7ecab2ee09a","route":"/api/tasks","status":200,"duration_ms":0}
{"ts":"2026-07-07T12:03:30.156Z","level":"error","service":"shud-harness-backend","event":"api.request.completed","request_id":"req_658b7197-c00d-48ef-97be-41f6351d8aef","route":"/api/tasks","status":500,"duration_ms":63}
(pass) backend workspace and health routes > POST /api/tasks retains a snapshot when pre-completion authority is unknown and a completion references it [113.00ms]
{"ts":"2026-07-07T12:03:30.156Z","level":"info","service":"shud-harness-backend","event":"api.request.completed","request_id":"req_6c3e6cde-2d72-4f49-a339-d5d833d2430b","route":"/api/tasks","status":200,"duration_ms":47}
{"ts":"2026-07-07T12:03:30.187Z","level":"error","service":"shud-harness-backend","event":"api.request.completed","request_id":"req_74efbfc5-b2df-4cc1-9cfa-53625c0f9876","route":"/api/tasks","status":500,"duration_ms":98}
{"ts":"2026-07-07T12:03:30.187Z","level":"info","service":"shud-harness-backend","event":"api.request.completed","request_id":"req_cca7cda2-4535-464e-9b8a-e556882892dc","route":"/api/tasks","status":200,"duration_ms":0}
{"ts":"2026-07-07T12:03:30.187Z","level":"info","service":"shud-harness-backend","event":"api.request.completed","request_id":"req_35e2814c-d57e-4be3-85ce-aa815293b760","route":"/api/tasks/:id","status":200,"duration_ms":0}
{"ts":"2026-07-23T14:41:34.408Z","level":"info","service":"shud-harness-backend","event":"api.request.completed","request_id":"req_2245c4cd-c184-42eb-b02f-f4c482cdc087","route":"/api/tasks","status":200,"duration_ms":4}
{"ts":"2026-07-23T14:41:34.408Z","level":"info","service":"shud-harness-backend","event":"api.request.completed","request_id":"req_1a5f9f13-76c6-461a-a9d1-b39c018d5f8c","route":"/api/tasks/:id","status":200,"duration_ms":0}
{"ts":"2026-07-07T12:03:30.187Z","level":"info","service":"shud-harness-backend","event":"api.request.completed","request_id":"req_7c608002-bb55-4fb2-9eed-97a763c46978","route":"/api/tasks","status":200,"duration_ms":43}
{"ts":"2026-07-07T12:03:30.187Z","level":"info","service":"shud-harness-backend","event":"api.request.completed","request_id":"req_233e77e6-dd52-4b06-b0b7-e781f2824269","route":"/api/tasks","status":200,"duration_ms":0}
{"ts":"2026-07-23T14:41:34.457Z","level":"info","service":"shud-harness-backend","event":"api.request.completed","request_id":"req_3c5b90a9-3b33-43df-aa7c-8f7b69ee6e9d","route":"/api/tasks","status":200,"duration_ms":3}
{"ts":"2026-07-07T12:03:30.187Z","level":"error","service":"shud-harness-backend","event":"api.request.completed","request_id":"req_f2a0917b-7703-4b7e-9338-91a5b6fe2118","route":"/api/tasks","status":500,"duration_ms":99}
{"ts":"2026-07-07T12:03:30.187Z","level":"info","service":"shud-harness-backend","event":"api.request.completed","request_id":"req_9267aa58-c36f-49ad-88e3-10f4f397efef","route":"/api/tasks","status":200,"duration_ms":0}
{"ts":"2026-07-07T12:03:30.187Z","level":"info","service":"shud-harness-backend","event":"api.request.completed","request_id":"req_dc59b895-8319-4fec-b4e8-ec4d051752b9","route":"/api/tasks/:id","status":200,"duration_ms":0}
{"ts":"2026-07-23T14:41:34.566Z","level":"info","service":"shud-harness-backend","event":"api.request.completed","request_id":"req_46a1949d-de0d-44b1-a5b5-1190195dafe2","route":"/api/tasks","status":200,"duration_ms":6}
{"ts":"2026-07-23T14:41:34.566Z","level":"info","service":"shud-harness-backend","event":"api.request.completed","request_id":"req_9253f0d0-4eb5-4f80-8f7b-934b954382e8","route":"/api/tasks/:id","status":200,"duration_ms":0}
{"ts":"2026-07-07T12:03:30.187Z","level":"info","service":"shud-harness-backend","event":"api.request.completed","request_id":"req_d011342b-3bf5-4343-b75b-096289e0a13f","route":"/api/tasks","status":200,"duration_ms":40}
{"ts":"2026-07-07T12:03:30.187Z","level":"info","service":"shud-harness-backend","event":"api.request.completed","request_id":"req_ab4a4262-3933-4401-9586-ff13a4197c62","route":"/api/tasks","status":200,"duration_ms":0}
(pass) backend workspace and health routes > POST /api/tasks retains exact snapshot drift and replays after fault-free reproof [314.01ms]
{"ts":"2026-07-23T14:41:34.613Z","level":"info","service":"shud-harness-backend","event":"api.request.completed","request_id":"req_7d2d00d1-4e4f-4fe6-baa9-dc427323f8c7","route":"/api/tasks","status":200,"duration_ms":4}
{"ts":"2026-07-23T14:41:34.792Z","level":"info","service":"shud-harness-backend","event":"api.request.completed","request_id":"req_389ddfc8-fb2d-4c40-84b3-6698a504057d","route":"/api/tasks","status":200,"duration_ms":6}
(pass) backend workspace and health routes > POST /api/tasks exact invalidation bypasses unrelated transition-guard recovery [307.01ms]
(pass) backend workspace and health routes > POST /api/tasks does not retain fail intent across rejected completed authority [399.01ms]
{"ts":"2026-07-23T14:41:35.415Z","level":"info","service":"shud-harness-backend","event":"api.request.completed","request_id":"req_5422a864-9e31-486b-afbb-62578b18d491","route":"/api/tasks","status":201,"duration_ms":93}
{"ts":"2026-07-23T14:41:35.474Z","level":"error","service":"shud-harness-backend","event":"api.request.completed","request_id":"req_af51265e-3ed1-43cb-9a4f-0d7a2a247c0e","route":"/api/tasks","status":500,"duration_ms":59}
{"ts":"2026-07-23T14:41:35.478Z","level":"info","service":"shud-harness-backend","event":"api.request.completed","request_id":"req_a8412c72-a215-4c47-9c74-b53a1c3fdf32","route":"/api/tasks","status":200,"duration_ms":0}
{"ts":"2026-07-23T14:41:35.478Z","level":"warn","service":"shud-harness-backend","event":"api.request.completed","request_id":"req_500cb434-5eae-4f47-8b3d-ec201f772137","route":"/api/tasks/:id","status":404,"duration_ms":0}
{"ts":"2026-07-23T14:41:35.480Z","level":"info","service":"shud-harness-backend","event":"api.request.completed","request_id":"req_0defb839-2c3e-478b-bdec-e68926d92ed7","route":"/api/tasks","status":200,"duration_ms":1}
{"ts":"2026-07-23T14:41:35.480Z","level":"warn","service":"shud-harness-backend","event":"api.request.completed","request_id":"req_e102c1f1-fcef-407f-a607-f8257aad2d3a","route":"/api/tasks/:id","status":404,"duration_ms":0}
{"ts":"2026-07-23T14:41:35.602Z","level":"info","service":"shud-harness-backend","event":"api.request.completed","request_id":"req_18de4081-5e92-447b-94c0-10f41f7d8fd2","route":"/api/tasks","status":201,"duration_ms":122}
(pass) backend workspace and health routes > completed replay evicts same-app cache after external snapshot deletion [286.01ms]
{"ts":"2026-07-23T14:41:35.607Z","level":"info","service":"shud-harness-backend","event":"api.request.completed","request_id":"req_e62832d1-cd5c-4d09-85d3-01eba7a1e276","route":"/api/tasks","status":200,"duration_ms":0}
{"ts":"2026-07-07T12:03:30.250Z","level":"info","service":"shud-harness-backend","event":"api.request.completed","request_id":"req_ddfec851-a42c-4fc2-bfa8-0d1f80886579","route":"/api/tasks","status":201,"duration_ms":91}
{"ts":"2026-07-07T12:03:30.250Z","level":"error","service":"shud-harness-backend","event":"api.request.completed","request_id":"req_882b0d85-ceab-4801-9c95-e8ceee48b9a3","route":"/api/tasks","status":500,"duration_ms":55}
{"ts":"2026-07-07T12:03:30.250Z","level":"info","service":"shud-harness-backend","event":"api.request.completed","request_id":"req_42b67e5d-ac3e-40ae-83c0-3a73d9ba1c2b","route":"/api/tasks","status":200,"duration_ms":0}
{"ts":"2026-07-07T12:03:30.250Z","level":"warn","service":"shud-harness-backend","event":"api.request.completed","request_id":"req_b93a6132-18f3-41ae-9bba-2507fc77b540","route":"/api/tasks/:id","status":404,"duration_ms":0}
{"ts":"2026-07-23T14:41:35.762Z","level":"info","service":"shud-harness-backend","event":"api.request.completed","request_id":"req_2ab715e2-6d5a-4714-981d-8522c79eca22","route":"/api/tasks","status":200,"duration_ms":1}
{"ts":"2026-07-23T14:41:35.762Z","level":"warn","service":"shud-harness-backend","event":"api.request.completed","request_id":"req_93187424-b8f4-4479-a025-35a193c6988f","route":"/api/tasks/:id","status":404,"duration_ms":0}
{"ts":"2026-07-07T12:03:30.250Z","level":"info","service":"shud-harness-backend","event":"api.request.completed","request_id":"req_689a4c27-e708-4ede-8e6e-2928547173de","route":"/api/tasks","status":201,"duration_ms":120}
{"ts":"2026-07-07T12:03:30.250Z","level":"info","service":"shud-harness-backend","event":"api.request.completed","request_id":"req_681ad17d-c1bd-4dca-b717-db3c7f2a3b86","route":"/api/tasks","status":201,"duration_ms":92}
{"ts":"2026-07-07T12:03:30.250Z","level":"error","service":"shud-harness-backend","event":"api.request.completed","request_id":"req_eddd592b-c099-4acf-aacb-703aeeb44f64","route":"/api/tasks","status":500,"duration_ms":56}
{"ts":"2026-07-07T12:03:30.250Z","level":"info","service":"shud-harness-backend","event":"api.request.completed","request_id":"req_a0414dab-90e5-4d0b-917b-137b04a9829e","route":"/api/tasks","status":200,"duration_ms":0}
{"ts":"2026-07-07T12:03:30.250Z","level":"warn","service":"shud-harness-backend","event":"api.request.completed","request_id":"req_5468e4b7-84bb-461e-87be-2eaa037bf98d","route":"/api/tasks/:id","status":404,"duration_ms":0}
{"ts":"2026-07-23T14:41:36.036Z","level":"info","service":"shud-harness-backend","event":"api.request.completed","request_id":"req_b68bd5bc-8273-4863-b365-b385ab25299d","route":"/api/tasks","status":200,"duration_ms":1}
{"ts":"2026-07-23T14:41:36.036Z","level":"warn","service":"shud-harness-backend","event":"api.request.completed","request_id":"req_72865f64-7806-4cc7-aee4-abda70486001","route":"/api/tasks/:id","status":404,"duration_ms":0}
{"ts":"2026-07-07T12:03:30.250Z","level":"info","service":"shud-harness-backend","event":"api.request.completed","request_id":"req_3f5b26c4-194b-4862-bc60-0389d95131e3","route":"/api/tasks","status":201,"duration_ms":119}
{"ts":"2026-07-07T12:03:30.250Z","level":"info","service":"shud-harness-backend","event":"api.request.completed","request_id":"req_d374ec01-406b-4a72-9ebb-574fdb346d78","route":"/api/tasks","status":201,"duration_ms":89}
{"ts":"2026-07-07T12:03:30.250Z","level":"error","service":"shud-harness-backend","event":"api.request.completed","request_id":"req_bf8aa27d-9760-4f6c-8bbb-7de2bb91a65b","route":"/api/tasks","status":500,"duration_ms":54}
{"ts":"2026-07-07T12:03:30.250Z","level":"info","service":"shud-harness-backend","event":"api.request.completed","request_id":"req_f9f0084a-6193-42c0-a09d-49fb1e4c073c","route":"/api/tasks","status":200,"duration_ms":0}
{"ts":"2026-07-07T12:03:30.250Z","level":"warn","service":"shud-harness-backend","event":"api.request.completed","request_id":"req_bc178a68-1fc9-4734-8b47-7d27569e6de7","route":"/api/tasks/:id","status":404,"duration_ms":0}
{"ts":"2026-07-23T14:41:36.308Z","level":"info","service":"shud-harness-backend","event":"api.request.completed","request_id":"req_0204c631-fe95-496c-a7da-1b2c86f03b27","route":"/api/tasks","status":200,"duration_ms":2}
{"ts":"2026-07-23T14:41:36.308Z","level":"warn","service":"shud-harness-backend","event":"api.request.completed","request_id":"req_0e8aa5f3-65e4-495f-b944-39c92a870d02","route":"/api/tasks/:id","status":404,"duration_ms":0}
{"ts":"2026-07-07T12:03:30.250Z","level":"info","service":"shud-harness-backend","event":"api.request.completed","request_id":"req_b00fb747-a89d-4c61-9409-179c7eb22e9f","route":"/api/tasks","status":201,"duration_ms":118}
(pass) backend workspace and health routes > completed replay invalidates malformed or unknown snapshots before repaired retry [821.01ms]
{"ts":"2026-07-07T12:03:30.500Z","level":"info","service":"shud-harness-backend","event":"api.request.completed","request_id":"req_beccbe64-937d-40da-afce-851fad0c0089","route":"/api/tasks","status":201,"duration_ms":95}
{"ts":"2026-07-23T14:41:36.628Z","level":"error","service":"shud-harness-backend","event":"api.request.completed","request_id":"req_0aa4c352-fbd4-4e41-8f0e-758f95ff3748","route":"/api/tasks","status":500,"duration_ms":53}
{"ts":"2026-07-23T14:41:36.675Z","level":"info","service":"shud-harness-backend","event":"api.request.completed","request_id":"req_3b736e4a-cac9-4f6b-ab01-55803f74d01d","route":"/api/tasks","status":200,"duration_ms":40}
{"ts":"2026-07-23T14:41:36.680Z","level":"info","service":"shud-harness-backend","event":"api.request.completed","request_id":"req_b3b057e9-1480-4a03-86a9-1ecf8a637f8f","route":"/api/tasks","status":200,"duration_ms":5}
{"ts":"2026-07-23T14:41:36.684Z","level":"info","service":"shud-harness-backend","event":"api.request.completed","request_id":"req_92a29b17-29bd-45fc-9600-e3a87d2988fb","route":"/api/tasks","status":200,"duration_ms":3}
{"ts":"2026-07-23T14:41:36.723Z","level":"info","service":"shud-harness-backend","event":"api.request.completed","request_id":"req_af070186-27f8-4952-b57d-216dc0cc291a","route":"/api/tasks","status":200,"duration_ms":39}
{"ts":"2026-07-07T12:03:30.500Z","level":"info","service":"shud-harness-backend","event":"api.request.completed","request_id":"req_35f7ca0c-8d1b-4e23-a5da-c0a939f1a1c6","route":"/api/tasks","status":201,"duration_ms":96}
{"ts":"2026-07-23T14:41:36.917Z","level":"error","service":"shud-harness-backend","event":"api.request.completed","request_id":"req_feedcdfc-0cf3-4356-84a2-bca940185f63","route":"/api/tasks","status":500,"duration_ms":51}
{"ts":"2026-07-23T14:41:36.962Z","level":"info","service":"shud-harness-backend","event":"api.request.completed","request_id":"req_4ffee77f-12b9-4ba2-91b8-7d7200282234","route":"/api/tasks","status":200,"duration_ms":39}
{"ts":"2026-07-23T14:41:36.965Z","level":"info","service":"shud-harness-backend","event":"api.request.completed","request_id":"req_6f419859-b2eb-4862-b839-075afaf01327","route":"/api/tasks","status":200,"duration_ms":3}
{"ts":"2026-07-23T14:41:36.971Z","level":"info","service":"shud-harness-backend","event":"api.request.completed","request_id":"req_5574d0b8-877e-48ae-b0c4-00b6bea0465e","route":"/api/tasks","status":200,"duration_ms":5}
{"ts":"2026-07-23T14:41:37.010Z","level":"info","service":"shud-harness-backend","event":"api.request.completed","request_id":"req_3a553c42-1f0c-492d-815b-0176a49b7cce","route":"/api/tasks","status":200,"duration_ms":39}
(pass) backend workspace and health routes > invalid completed authority cleanup preserves a valid successor published after invalidation [583.00ms]
{"ts":"2026-07-07T12:03:30.625Z","level":"info","service":"shud-harness-backend","event":"api.request.completed","request_id":"req_755b70ec-7a61-4468-abd2-c9b5990ceaa4","route":"/api/tasks","status":201,"duration_ms":101}
{"ts":"2026-07-07T12:03:30.625Z","level":"error","service":"shud-harness-backend","event":"api.request.completed","request_id":"req_10f2a176-6f8f-4306-8902-b7665a05d35b","route":"/api/tasks","status":500,"duration_ms":52}
{"ts":"2026-07-07T12:03:30.625Z","level":"info","service":"shud-harness-backend","event":"api.request.completed","request_id":"req_cb2b6d8f-4e80-4cd6-9ed2-a757f61d4fd4","route":"/api/tasks","status":200,"duration_ms":0}
{"ts":"2026-07-07T12:03:30.625Z","level":"info","service":"shud-harness-backend","event":"api.request.completed","request_id":"req_c2f14ed3-fb76-458d-b391-b7c93e8b32c6","route":"/api/tasks/:id","status":200,"duration_ms":0}
{"ts":"2026-07-23T14:41:37.174Z","level":"info","service":"shud-harness-backend","event":"api.request.completed","request_id":"req_bbd0373c-1fc0-4a81-8975-d76a25f951a6","route":"/api/tasks","status":200,"duration_ms":3}
{"ts":"2026-07-23T14:41:37.174Z","level":"info","service":"shud-harness-backend","event":"api.request.completed","request_id":"req_48e91457-0a18-4268-9004-af3aa73ae121","route":"/api/tasks/:id","status":200,"duration_ms":0}
{"ts":"2026-07-07T12:03:30.625Z","level":"info","service":"shud-harness-backend","event":"api.request.completed","request_id":"req_afcbc94e-1291-457b-8e71-524099a10a4c","route":"/api/tasks","status":201,"duration_ms":122}
{"ts":"2026-07-07T12:03:30.625Z","level":"info","service":"shud-harness-backend","event":"api.request.completed","request_id":"req_3fddef8f-0073-45f1-948e-61792eb5f277","route":"/api/tasks","status":200,"duration_ms":0}
{"ts":"2026-07-23T14:41:37.306Z","level":"info","service":"shud-harness-backend","event":"api.request.completed","request_id":"req_461b71f5-63a7-4f1e-b1ec-49cd77829069","route":"/api/tasks","status":200,"duration_ms":7}
{"ts":"2026-07-23T14:41:37.306Z","level":"info","service":"shud-harness-backend","event":"api.request.completed","request_id":"req_6b67a07d-09b1-48c3-adcd-e7e4195cd597","route":"/api/tasks/:id","status":200,"duration_ms":0}
{"ts":"2026-07-23T14:41:37.306Z","level":"info","service":"shud-harness-backend","event":"api.request.completed","request_id":"req_531a99d0-f164-4ef0-bb00-27e82d578d08","route":"/api/tasks/:id","status":200,"duration_ms":0}
{"ts":"2026-07-07T12:03:30.625Z","level":"info","service":"shud-harness-backend","event":"api.request.completed","request_id":"req_accfdd57-74f2-49b9-b960-d00717b2fb2b","route":"/api/tasks","status":201,"duration_ms":95}
{"ts":"2026-07-07T12:03:30.625Z","level":"error","service":"shud-harness-backend","event":"api.request.completed","request_id":"req_4cf8918f-35fe-4d6f-a843-4fcfd7ce1371","route":"/api/tasks","status":500,"duration_ms":47}
{"ts":"2026-07-07T12:03:30.625Z","level":"info","service":"shud-harness-backend","event":"api.request.completed","request_id":"req_dda93c1a-ca59-41cd-a45d-12399d8f0d35","route":"/api/tasks","status":200,"duration_ms":0}
{"ts":"2026-07-07T12:03:30.625Z","level":"error","service":"shud-harness-backend","event":"api.request.completed","request_id":"req_ac17cb77-4453-4c96-92d9-6eae0c378988","route":"/api/tasks","status":500,"duration_ms":53}
{"ts":"2026-07-07T12:03:30.625Z","level":"info","service":"shud-harness-backend","event":"api.request.completed","request_id":"req_d172c366-3a5f-4959-8f8a-702e6fd0e52c","route":"/api/tasks","status":200,"duration_ms":0}
{"ts":"2026-07-07T12:03:30.625Z","level":"info","service":"shud-harness-backend","event":"api.request.completed","request_id":"req_524e1760-092e-45bd-a16b-86b9a1af7b61","route":"/api/tasks/:id","status":200,"duration_ms":0}
{"ts":"2026-07-23T14:41:37.510Z","level":"info","service":"shud-harness-backend","event":"api.request.completed","request_id":"req_74ff7540-b540-42a5-8260-4fc0bea3e915","route":"/api/tasks","status":200,"duration_ms":3}
{"ts":"2026-07-23T14:41:37.510Z","level":"info","service":"shud-harness-backend","event":"api.request.completed","request_id":"req_4bd785a5-e627-480f-9107-a405d26b1572","route":"/api/tasks/:id","status":200,"duration_ms":0}
{"ts":"2026-07-07T12:03:30.625Z","level":"info","service":"shud-harness-backend","event":"api.request.completed","request_id":"req_4420b594-873e-4cb9-a133-9a2b700ff4ab","route":"/api/tasks","status":201,"duration_ms":122}
{"ts":"2026-07-07T12:03:30.625Z","level":"info","service":"shud-harness-backend","event":"api.request.completed","request_id":"req_c033410e-4ea1-4327-a9a7-bb86e7e85b3f","route":"/api/tasks","status":200,"duration_ms":0}
(pass) backend workspace and health routes > completed A invalidation installs durable B and boundedly converges when B changes during settlement [628.00ms]
{"ts":"2026-07-23T14:41:37.639Z","level":"info","service":"shud-harness-backend","event":"api.request.completed","request_id":"req_e5f8d9c4-c472-4978-8d56-503b81ab55df","route":"/api/tasks","status":200,"duration_ms":5}
{"ts":"2026-07-23T14:41:37.639Z","level":"info","service":"shud-harness-backend","event":"api.request.completed","request_id":"req_a28f486e-af24-4d5f-8e84-8bfcd14cdb63","route":"/api/tasks/:id","status":200,"duration_ms":0}
{"ts":"2026-07-23T14:41:37.639Z","level":"info","service":"shud-harness-backend","event":"api.request.completed","request_id":"req_17cccced-3da6-4053-a1de-120c21117e9a","route":"/api/tasks/:id","status":200,"duration_ms":0}
{"ts":"2026-07-07T12:03:30.750Z","level":"info","service":"shud-harness-backend","event":"api.request.completed","request_id":"req_77b5013e-21f2-4c5a-897a-be29a6538a9e","route":"/api/tasks","status":201,"duration_ms":88}
{"ts":"2026-07-23T14:41:37.794Z","level":"error","service":"shud-harness-backend","event":"api.request.completed","request_id":"req_ed6ed130-4fa8-42dc-aa7b-91b112ed0583","route":"/api/tasks","status":500,"duration_ms":62}
{"ts":"2026-07-23T14:41:37.800Z","level":"info","service":"shud-harness-backend","event":"api.request.completed","request_id":"req_f07626f6-ea50-443c-b7ab-038a794fb964","route":"/api/tasks","status":200,"duration_ms":3}
(pass) backend workspace and health routes > invalid completed cleanup preserves a same-inode snapshot after a pre-consume sibling write [160.00ms]
{"ts":"2026-07-23T14:41:37.892Z","level":"info","service":"shud-harness-backend","event":"api.request.completed","request_id":"req_6d51ce4e-3909-41a7-a006-1e04b3c3a3e5","route":"/api/tasks","status":201,"duration_ms":88}
{"ts":"2026-07-23T14:41:37.930Z","level":"error","service":"shud-harness-backend","event":"api.request.completed","request_id":"req_8c26e6ac-c0c3-433d-b4a9-4dc3e88a1f14","route":"/api/tasks","status":500,"duration_ms":38}
{"ts":"2026-07-23T14:41:37.933Z","level":"info","service":"shud-harness-backend","event":"api.request.completed","request_id":"req_f56143f9-ae4e-4c05-9937-4e4d30482ed9","route":"/api/tasks","status":200,"duration_ms":0}
{"ts":"2026-07-23T14:41:37.933Z","level":"info","service":"shud-harness-backend","event":"api.request.completed","request_id":"req_af6f198b-014f-4df0-a3ac-ca83bea36ca7","route":"/api/tasks/:id","status":200,"duration_ms":0}
{"ts":"2026-07-23T14:41:37.935Z","level":"error","service":"shud-harness-backend","event":"api.request.completed","request_id":"req_b6bdd743-11b2-4fc5-b0bb-5d3fb2a0c1d4","route":"/api/tasks","status":500,"duration_ms":2}
{"ts":"2026-07-23T14:41:37.937Z","level":"error","service":"shud-harness-backend","event":"api.request.completed","request_id":"req_589ed990-8094-43ae-8d86-3e85b5b4d936","route":"/api/tasks/:id","status":500,"duration_ms":2}
{"ts":"2026-07-23T14:41:37.976Z","level":"info","service":"shud-harness-backend","event":"api.request.completed","request_id":"req_846020ac-d4b1-47b3-8ae1-2c3035941b98","route":"/api/tasks","status":200,"duration_ms":39}
(pass) backend workspace and health routes > completed replay preserves an unowned hardlinked TaskSnapshot generation [178.00ms]
{"ts":"2026-07-07T12:03:31.000Z","level":"info","service":"shud-harness-backend","event":"api.request.completed","request_id":"req_a289d1de-d011-4916-97ea-1dde3fd58c67","route":"/api/tasks","status":200,"duration_ms":0}
{"ts":"2026-07-07T12:03:31.000Z","level":"info","service":"shud-harness-backend","event":"api.request.completed","request_id":"req_cf1af46d-5368-4f83-b844-209e7224ac91","route":"/api/tasks","status":201,"duration_ms":95}
(pass) backend workspace and health routes > POST /api/tasks completed idempotency replay resolves a stale task cache from durable snapshot [136.00ms]
{"ts":"2026-07-07T12:03:31.000Z","level":"info","service":"shud-harness-backend","event":"api.request.completed","request_id":"req_9ff4f7ac-d595-448f-8dbb-4f0843fb3e99","route":"/api/tasks","status":200,"duration_ms":40}
{"ts":"2026-07-07T12:03:31.000Z","level":"info","service":"shud-harness-backend","event":"api.request.completed","request_id":"req_11573acf-ef7a-45db-9527-db4bdb4bf239","route":"/api/tasks","status":200,"duration_ms":0}
(pass) backend workspace and health routes > POST /api/tasks completed idempotency replay reads only the referenced snapshot lane [91.00ms]
{"ts":"2026-07-23T14:41:38.209Z","level":"info","service":"shud-harness-backend","event":"api.request.completed","request_id":"req_1b5df820-4dd7-4303-b2d4-4859e1461fb5","route":"/api/tasks","status":200,"duration_ms":38}
{"ts":"2026-07-07T12:03:31.400Z","level":"info","service":"shud-harness-backend","event":"api.request.completed","request_id":"req_60e6c63c-ec5f-4d0f-b1ad-ca8ca0a4c0d9","route":"/api/tasks","status":200,"duration_ms":107}
{"ts":"2026-07-07T12:03:31.400Z","level":"info","service":"shud-harness-backend","event":"api.request.completed","request_id":"req_cdc21401-9c0a-423a-aaf8-6c823ebd13b5","route":"/api/tasks","status":200,"duration_ms":41}
(pass) backend workspace and health routes > POST /api/tasks treats completeRecord convergence as authoritative and rolls back the local task [157.00ms]
{"ts":"2026-07-07T12:03:31.415Z","level":"info","service":"shud-harness-backend","event":"api.request.completed","request_id":"req_59fc27af-e0f1-44fa-b1fc-5bf7f6bfefbe","route":"/api/tasks","status":200,"duration_ms":3}
{"ts":"2026-07-07T12:03:31.415Z","level":"error","service":"shud-harness-backend","event":"api.request.completed","request_id":"req_0e2318ca-ceba-478c-9c27-795aac51278b","route":"/api/tasks","status":500,"duration_ms":103}
{"ts":"2026-07-07T12:03:31.415Z","level":"warn","service":"shud-harness-backend","event":"api.request.completed","request_id":"req_a2840869-4a3d-42a0-a993-974c0c31f788","route":"/api/tasks/:id","status":404,"duration_ms":0}
{"ts":"2026-07-07T12:03:31.415Z","level":"info","service":"shud-harness-backend","event":"api.request.completed","request_id":"req_1270afd7-a07a-407a-bf6e-29617bb0b777","route":"/api/tasks","status":200,"duration_ms":38}
(pass) backend workspace and health routes > POST /api/tasks preserves repairable missing-card authority after local rollback [154.00ms]
{"ts":"2026-07-07T12:03:31.420Z","level":"error","service":"shud-harness-backend","event":"api.request.completed","request_id":"req_e05ea34c-192e-495c-9045-5185f1f20ad2","route":"/api/tasks","status":500,"duration_ms":93}
{"ts":"2026-07-07T12:03:31.420Z","level":"info","service":"shud-harness-backend","event":"api.request.completed","request_id":"req_2d78043e-1dbc-4675-a6d1-ad1da83cd7ed","route":"/api/tasks","status":200,"duration_ms":0}
{"ts":"2026-07-23T14:41:38.621Z","level":"info","service":"shud-harness-backend","event":"api.request.completed","request_id":"req_8aa6c65e-0e71-4d4a-bc45-4ac37f5165be","route":"/api/tasks","status":200,"duration_ms":3}
{"ts":"2026-07-07T12:03:31.420Z","level":"error","service":"shud-harness-backend","event":"api.request.completed","request_id":"req_e674a1ed-8f14-4443-b4e2-ae6bb6d6e3af","route":"/api/tasks","status":500,"duration_ms":49}
{"ts":"2026-07-07T12:03:31.420Z","level":"info","service":"shud-harness-backend","event":"api.request.completed","request_id":"req_99148b72-a776-4564-8fce-1b46cc6716c0","route":"/api/tasks","status":201,"duration_ms":117}
(pass) backend workspace and health routes > POST /api/tasks retains equal-ref drift before exact missing reproof [270.00ms]
{"ts":"2026-07-07T12:03:31.425Z","level":"error","service":"shud-harness-backend","event":"api.request.completed","request_id":"req_3936cb4a-e71f-4c37-9eee-249470f8ac3c","route":"/api/tasks","status":500,"duration_ms":100}
{"ts":"2026-07-07T12:03:31.425Z","level":"info","service":"shud-harness-backend","event":"api.request.completed","request_id":"req_bf32c57d-8648-4d67-bb90-ee10ef3346ba","route":"/api/tasks","status":200,"duration_ms":0}
{"ts":"2026-07-23T14:41:38.897Z","level":"info","service":"shud-harness-backend","event":"api.request.completed","request_id":"req_74f306a9-a06c-481b-9d6f-55649cb2ac66","route":"/api/tasks","status":200,"duration_ms":1}
{"ts":"2026-07-07T12:03:31.425Z","level":"info","service":"shud-harness-backend","event":"api.request.completed","request_id":"req_fb021a72-b8ba-457d-a4b2-c9b046120bab","route":"/api/tasks","status":201,"duration_ms":120}
(pass) backend workspace and health routes > POST /api/tasks invalidates complete-then-delete authority and permits repaired retry [231.00ms]
{"ts":"2026-07-07T12:03:31.475Z","level":"error","service":"shud-harness-backend","event":"api.request.completed","request_id":"req_11458526-cd43-4107-bfd2-00b11e259955","route":"/api/tasks","status":500,"duration_ms":123}
{"ts":"2026-07-07T12:03:31.475Z","level":"info","service":"shud-harness-backend","event":"api.request.completed","request_id":"req_4ad4a5b0-e132-402f-ad01-638b7807c114","route":"/api/tasks","status":200,"duration_ms":1}
(pass) backend workspace and health routes > POST /api/tasks rolls back the local task when authoritative convergence is not request-bound [130.00ms]
{"ts":"2026-07-07T12:03:31.475Z","level":"warn","service":"shud-harness-backend","event":"api.request.completed","request_id":"req_c79c9426-4fd6-4d68-8f5d-4357b1607ec8","route":"/api/tasks/:id","status":404,"duration_ms":0}
{"ts":"2026-07-07T12:03:31.600Z","level":"info","service":"shud-harness-backend","event":"api.request.completed","request_id":"req_52d474bc-7f90-41f0-bafc-8b095ad22596","route":"/api/tasks","status":200,"duration_ms":104}
(pass) backend workspace and health routes > POST /api/tasks evicts local cache when authoritative convergence finds the local snapshot missing [113.00ms]
{"ts":"2026-07-07T12:03:31.600Z","level":"info","service":"shud-harness-backend","event":"api.request.completed","request_id":"req_9e13af2b-48c8-48ec-b58c-6dcaecbc9c43","route":"/api/tasks","status":200,"duration_ms":0}
{"ts":"2026-07-07T12:03:31.600Z","level":"warn","service":"shud-harness-backend","event":"api.request.completed","request_id":"req_1aede75c-bdbc-4ba9-ae79-83bc8a258714","route":"/api/tasks/:id","status":404,"duration_ms":0}
{"ts":"2026-07-07T12:03:31.750Z","level":"error","service":"shud-harness-backend","event":"api.request.completed","request_id":"req_0976cc2c-142d-41d0-a03f-134ecaf621aa","route":"/api/tasks","status":500,"duration_ms":5}
(pass) backend workspace and health routes > POST /api/tasks fails closed when idempotency record key does not match the lookup path [14.00ms]
{"ts":"2026-07-07T12:03:31.750Z","level":"info","service":"shud-harness-backend","event":"api.request.completed","request_id":"req_fcf2bab9-4315-4938-a00f-b3360bc89af9","route":"/api/tasks","status":200,"duration_ms":3}
{"ts":"2026-07-07T12:03:31.850Z","level":"error","service":"shud-harness-backend","event":"api.request.completed","request_id":"req_e14dd8bb-4b74-4752-b058-21f2cc3990bb","route":"/api/tasks","status":500,"duration_ms":43}
{"ts":"2026-07-07T12:03:31.850Z","level":"info","service":"shud-harness-backend","event":"api.request.completed","request_id":"req_735cdd50-caab-4650-8d8b-b15782c29687","route":"/api/tasks","status":200,"duration_ms":1}
{"ts":"2026-07-07T12:03:31.850Z","level":"info","service":"shud-harness-backend","event":"api.request.completed","request_id":"req_3b8c2346-c465-48ca-a12e-f3a0a4721011","route":"/api/tasks","status":201,"duration_ms":117}
(pass) backend workspace and health routes > POST /api/tasks invalidates completed idempotency missing result_ref before repaired retry [166.00ms]
{"ts":"2026-07-07T12:03:31.875Z","level":"error","service":"shud-harness-backend","event":"api.request.completed","request_id":"req_0c03462a-d37c-44c1-bfa5-8e4bca6cf9b6","route":"/api/tasks","status":500,"duration_ms":41}
{"ts":"2026-07-07T12:03:31.875Z","level":"info","service":"shud-harness-backend","event":"api.request.completed","request_id":"req_505f2385-b0cb-4341-96a7-a06275625c73","route":"/api/tasks","status":200,"duration_ms":1}
{"ts":"2026-07-07T12:03:31.875Z","level":"info","service":"shud-harness-backend","event":"api.request.completed","request_id":"req_b89e229e-bee2-49a0-b3a0-33c7c287d147","route":"/api/tasks","status":201,"duration_ms":117}
(pass) backend workspace and health routes > POST /api/tasks invalidates completed idempotency with unsafe result_ref before repaired retry [168.00ms]
{"ts":"2026-07-23T14:41:39.671Z","level":"info","service":"shud-harness-backend","event":"api.request.completed","request_id":"req_5092e1ce-eb40-471a-a71e-fae0bee32176","route":"/api/tasks","status":200,"duration_ms":3}
{"ts":"2026-07-23T14:41:39.724Z","level":"error","service":"shud-harness-backend","event":"api.request.completed","request_id":"req_6d1e9e30-3676-4ef3-99ce-d2564a83a439","route":"/api/tasks","status":500,"duration_ms":53}
{"ts":"2026-07-23T14:41:39.728Z","level":"info","service":"shud-harness-backend","event":"api.request.completed","request_id":"req_22882f19-d47a-40ce-a34c-d623d7aeafd4","route":"/api/tasks","status":200,"duration_ms":0}
{"ts":"2026-07-23T14:41:39.728Z","level":"info","service":"shud-harness-backend","event":"api.request.completed","request_id":"req_b978ede6-9a05-4d64-a7df-70a52431cf64","route":"/api/tasks/:id","status":200,"duration_ms":0}
{"ts":"2026-07-23T14:41:39.849Z","level":"info","service":"shud-harness-backend","event":"api.request.completed","request_id":"req_21520677-c63e-43b2-9ed1-067703d84f66","route":"/api/tasks","status":201,"duration_ms":121}
(pass) backend workspace and health routes > POST /api/tasks fails closed when completed idempotency result_ref points to a foreign task [235.00ms]
{"ts":"2026-07-23T14:41:39.946Z","level":"error","service":"shud-harness-backend","event":"api.request.completed","request_id":"req_7f70a83e-70f6-42cf-a131-86e81b63393b","route":"/api/tasks","status":500,"duration_ms":48}
{"ts":"2026-07-23T14:41:40.069Z","level":"info","service":"shud-harness-backend","event":"api.request.completed","request_id":"req_97ea88f3-9d08-4683-af01-bf3f10584e76","route":"/api/tasks","status":201,"duration_ms":121}
(pass) backend workspace and health routes > POST /api/tasks fails closed when completed idempotency result_ref points to a missing task [219.00ms]
{"ts":"2026-07-07T12:03:31.950Z","level":"info","service":"shud-harness-backend","event":"api.request.completed","request_id":"req_9fa5e97e-a6ad-4a2e-ac85-dd591a8119c6","route":"/api/tasks","status":201,"duration_ms":92}
{"ts":"2026-07-07T12:03:31.950Z","level":"error","service":"shud-harness-backend","event":"api.request.completed","request_id":"req_b5aaf077-7add-48a6-9aba-121e941295f9","route":"/api/tasks","status":500,"duration_ms":37}
{"ts":"2026-07-07T12:03:31.950Z","level":"info","service":"shud-harness-backend","event":"api.request.completed","request_id":"req_76427120-4f46-4459-9538-cff28efba518","route":"/api/tasks","status":200,"duration_ms":1}
{"ts":"2026-07-07T12:03:31.950Z","level":"warn","service":"shud-harness-backend","event":"api.request.completed","request_id":"req_2155215c-1bf0-4a62-a907-f6ba52da3006","route":"/api/tasks/:id","status":404,"duration_ms":0}
{"ts":"2026-07-07T12:03:31.950Z","level":"info","service":"shud-harness-backend","event":"api.request.completed","request_id":"req_fe3a6625-7f61-49d8-af4c-299966fea93d","route":"/api/tasks","status":200,"duration_ms":42}
(pass) backend workspace and health routes > POST /api/tasks completed replay reports task_snapshot_missing_card for canonical snapshots without task_card [178.01ms]
{"ts":"2026-07-07T12:03:31.950Z","level":"info","service":"shud-harness-backend","event":"api.request.completed","request_id":"req_978a21a7-f3ee-46c4-aa7b-cd02b9627b09","route":"/api/tasks","status":200,"duration_ms":0}
{"ts":"2026-07-07T12:03:31.950Z","level":"info","service":"shud-harness-backend","event":"api.request.completed","request_id":"req_bdb96d4e-d2ca-432c-9ad0-5a160720c3de","route":"/api/tasks/:id","status":200,"duration_ms":0}
{"ts":"2026-07-07T12:03:33.000Z","level":"warn","service":"shud-harness-backend","event":"api.request.completed","request_id":"req_525a437e-594b-4356-b2d4-6e3bf373e990","route":"/api/tasks","status":409,"duration_ms":1013}
(pass) backend workspace and health routes > POST /api/tasks times out a stale started same-digest idempotency claim without creating a task [1026.03ms]
(pass) backend workspace and health routes > POST /api/tasks stale polling classifies a completed durable authority [108.00ms]
{"ts":"2026-07-23T14:41:41.384Z","level":"info","service":"shud-harness-backend","event":"api.request.completed","request_id":"req_2e6988d9-46e0-43b1-8cd7-668872ac04b9","route":"/api/tasks","status":200,"duration_ms":93}
{"ts":"2026-07-07T12:03:35.000Z","level":"info","service":"shud-harness-backend","event":"api.request.completed","request_id":"req_d7e7a4f1-fe04-4a7c-8b7d-2321f344c2ba","route":"/api/tasks","status":201,"duration_ms":88}
(pass) backend workspace and health routes > POST /api/tasks computes the same digest for reordered JSON keys [130.00ms]
{"ts":"2026-07-07T12:03:35.000Z","level":"info","service":"shud-harness-backend","event":"api.request.completed","request_id":"req_1c3242b4-1b12-4a3b-989d-c462c633e9f4","route":"/api/tasks","status":200,"duration_ms":41}
{"ts":"2026-07-07T12:03:40.000Z","level":"info","service":"shud-harness-backend","event":"api.request.completed","request_id":"req_3a92d2f8-30e9-48e5-b99e-5a82e6939a7b","route":"/api/tasks","status":201,"duration_ms":87}
{"ts":"2026-07-07T12:03:40.000Z","level":"info","service":"shud-harness-backend","event":"api.request.completed","request_id":"req_eda17fed-21cd-4f84-b352-1119e075fad2","route":"/api/tasks","status":200,"duration_ms":40}
(pass) backend workspace and health routes > POST /api/tasks idempotency digest includes defaulted created_by [131.00ms]
{"ts":"2026-07-07T12:03:40.000Z","level":"warn","service":"shud-harness-backend","event":"api.request.completed","request_id":"req_d99cf5f3-2352-489e-9e8f-96d55fbea44d","route":"/api/tasks","status":422,"duration_ms":3}
{"ts":"2026-07-07T12:03:45.000Z","level":"info","service":"shud-harness-backend","event":"api.request.completed","request_id":"req_38fc42e8-335a-4f16-97a5-ff8573206ac8","route":"/api/tasks","status":201,"duration_ms":87}
(pass) backend workspace and health routes > POST /api/tasks returns 422 on same Idempotency-Key with different body [92.00ms]
{"ts":"2026-07-07T12:03:45.000Z","level":"warn","service":"shud-harness-backend","event":"api.request.completed","request_id":"req_b6fdba88-f79a-4cc5-b8ca-e43837d4bd06","route":"/api/tasks","status":422,"duration_ms":5}
{"ts":"2026-07-07T12:03:45.000Z","level":"info","service":"shud-harness-backend","event":"api.request.completed","request_id":"req_4ab9c77a-2b22-4957-8fa9-8e29f69e4785","route":"/api/tasks","status":200,"duration_ms":0}
{"ts":"2026-07-07T12:03:50.000Z","level":"info","service":"shud-harness-backend","event":"api.request.completed","request_id":"req_4cd14e4d-ec3e-433a-9e44-f99633c7fc7a","route":"/api/tasks","status":201,"duration_ms":5}
(pass) backend workspace and health routes > POST /api/tasks without Idempotency-Key preserves create/list/detail behavior and writes no record [6.00ms]
{"ts":"2026-07-07T12:03:50.000Z","level":"info","service":"shud-harness-backend","event":"api.request.completed","request_id":"req_17877670-7281-4bd8-9d34-d0a5e586ab6b","route":"/api/tasks","status":200,"duration_ms":0}
{"ts":"2026-07-07T12:03:50.000Z","level":"info","service":"shud-harness-backend","event":"api.request.completed","request_id":"req_c061a9af-90ef-4eb6-804a-4ba86ffdd5c1","route":"/api/tasks/:id","status":200,"duration_ms":0}
(pass) backend workspace and health routes > POST /api/tasks rejects a blank Idempotency-Key without task or idempotency state [1.00ms]
{"ts":"2026-07-07T12:03:52.000Z","level":"warn","service":"shud-harness-backend","event":"api.request.completed","request_id":"req_74b80f3b-fa4c-43de-a7a6-affdf19ce538","route":"/api/tasks","status":400,"duration_ms":0}
{"ts":"2026-07-07T12:03:55.000Z","level":"info","service":"shud-harness-backend","event":"api.request.completed","request_id":"req_3d12e0af-07ff-44cd-975c-beb171bdcc50","route":"/api/tasks","status":201,"duration_ms":94}
{"ts":"2026-07-07T12:03:55.000Z","level":"info","service":"shud-harness-backend","event":"api.request.completed","request_id":"req_d295611a-db57-42f0-8b61-660b4003578d","route":"/api/tasks","status":200,"duration_ms":134}
{"ts":"2026-07-07T12:03:55.000Z","level":"info","service":"shud-harness-backend","event":"api.request.completed","request_id":"req_b1dd780e-a8fd-4517-bb4c-d0103acdda50","route":"/api/tasks","status":200,"duration_ms":134}
{"ts":"2026-07-07T12:03:55.000Z","level":"info","service":"shud-harness-backend","event":"api.request.completed","request_id":"req_489642e6-8561-4554-a0e2-c70b10d90f41","route":"/api/tasks","status":200,"duration_ms":134}
{"ts":"2026-07-07T12:03:55.000Z","level":"info","service":"shud-harness-backend","event":"api.request.completed","request_id":"req_045d2fb6-dee6-49b6-866e-ebf1e62afc65","route":"/api/tasks","status":200,"duration_ms":134}
{"ts":"2026-07-07T12:03:55.000Z","level":"info","service":"shud-harness-backend","event":"api.request.completed","request_id":"req_1dc950a1-3f53-41a4-8579-434b21adf4bf","route":"/api/tasks","status":200,"duration_ms":134}
{"ts":"2026-07-07T12:03:55.000Z","level":"info","service":"shud-harness-backend","event":"api.request.completed","request_id":"req_44a5afa1-bd34-48f7-ac48-b1ab196e3c7f","route":"/api/tasks","status":200,"duration_ms":133}
{"ts":"2026-07-07T12:03:55.000Z","level":"info","service":"shud-harness-backend","event":"api.request.completed","request_id":"req_c17a061e-14a5-4212-999b-b3cb0f854c4c","route":"/api/tasks","status":200,"duration_ms":133}
(pass) backend workspace and health routes > POST /api/tasks concurrent same-key creates converge on one completed result [137.00ms]
{"ts":"2026-07-07T12:03:55.000Z","level":"info","service":"shud-harness-backend","event":"api.request.completed","request_id":"req_3e2d57eb-17ac-44da-a079-669d342d8cbb","route":"/api/tasks","status":200,"duration_ms":0}
(pass) backend workspace and health routes > POST /api/tasks attached followers share one completed-authority replay [181.01ms]
(pass) backend workspace and health routes > POST /api/tasks coalesces attached replay once per app-local TaskCard service [231.01ms]
{"ts":"2026-07-07T12:03:56.000Z","level":"info","service":"shud-harness-backend","event":"api.request.completed","request_id":"req_9b0f435f-cad6-4903-ae5b-8ac036f9cf70","route":"/api/tasks","status":201,"duration_ms":92}
{"ts":"2026-07-07T12:03:56.000Z","level":"info","service":"shud-harness-backend","event":"api.request.completed","request_id":"req_f26f18a7-af0b-4d58-a8a5-8f3c408a65e7","route":"/api/tasks","status":200,"duration_ms":129}
(pass) backend workspace and health routes > POST /api/tasks concurrent same-key creates converge across backend app instances [135.00ms]
{"ts":"2026-07-07T12:03:56.050Z","level":"warn","service":"shud-harness-backend","event":"api.request.completed","request_id":"req_803e465a-0d83-402c-a750-607ffb3b4858","route":"/api/tasks","status":422,"duration_ms":0}
{"ts":"2026-07-07T12:03:56.050Z","level":"info","service":"shud-harness-backend","event":"api.request.completed","request_id":"req_0f7f188d-c0ad-48b7-adfb-7a9d7eb8dfbb","route":"/api/tasks","status":201,"duration_ms":90}
{"ts":"2026-07-07T12:03:56.050Z","level":"info","service":"shud-harness-backend","event":"api.request.completed","request_id":"req_4079b01f-6bba-4bd7-ab5d-79186f64feeb","route":"/api/tasks","status":200,"duration_ms":41}
(pass) backend workspace and health routes > POST /api/tasks rejects a different digest before the first owner publishes its record [134.00ms]
{"ts":"2026-07-07T12:03:56.100Z","level":"info","service":"shud-harness-backend","event":"api.request.completed","request_id":"req_6d56815d-8009-4fcf-ba3a-41c18e25f31b","route":"/api/tasks","status":201,"duration_ms":1198}
{"ts":"2026-07-07T12:03:56.100Z","level":"info","service":"shud-harness-backend","event":"api.request.completed","request_id":"req_f4e914a2-7bb7-4131-b299-d15de03d64f2","route":"/api/tasks","status":200,"duration_ms":1224}
{"ts":"2026-07-07T12:03:56.100Z","level":"info","service":"shud-harness-backend","event":"api.request.completed","request_id":"req_67bc733e-2b5e-4941-921c-5796a06dfae7","route":"/api/tasks","status":200,"duration_ms":44}
(pass) backend workspace and health routes > POST /api/tasks active same-key create delayed past replay timeout converges in one app [1289.01ms]
{"ts":"2026-07-07T12:03:56.150Z","level":"warn","service":"shud-harness-backend","event":"api.request.completed","request_id":"req_09a13d0a-8ffc-48c2-8d69-86908bccd14d","route":"/api/tasks","status":409,"duration_ms":5003}
{"ts":"2026-07-07T12:03:56.150Z","level":"info","service":"shud-harness-backend","event":"api.request.completed","request_id":"req_28309f39-3eae-46a0-8c9e-8c3404cc7df7","route":"/api/tasks","status":201,"duration_ms":5100}
{"ts":"2026-07-07T12:03:56.150Z","level":"info","service":"shud-harness-backend","event":"api.request.completed","request_id":"req_afadb72e-d7e9-401d-8df0-0883fc7167e4","route":"/api/tasks","status":200,"duration_ms":43}
(pass) backend workspace and health routes > POST /api/tasks bounds an active same-key follower without releasing the owner [5148.06ms]
(pass) backend workspace and health routes > S27-P62-09 POST /api/tasks keeps detached terminal drivers registered and bounded [10569.15ms]
(pass) backend workspace and health routes > S27-P62-09 POST /api/tasks reuses a hung registered driver after owner release [5459.06ms]
{"ts":"2026-07-07T12:03:56.200Z","level":"info","service":"shud-harness-backend","event":"api.request.completed","request_id":"req_b285ef97-77dc-4a8c-883c-0380b886af90","route":"/api/tasks","status":201,"duration_ms":1199}
{"ts":"2026-07-07T12:03:56.200Z","level":"info","service":"shud-harness-backend","event":"api.request.completed","request_id":"req_a22afb45-e332-4620-8e73-4515611cca6a","route":"/api/tasks","status":200,"duration_ms":1220}
(pass) backend workspace and health routes > POST /api/tasks active same-key create delayed past replay timeout converges across app instances [1242.02ms]
(pass) backend workspace and health routes > POST /api/tasks physical workspace case aliases share one active owner when supported [1.00ms]
(pass) backend workspace and health routes > POST /api/tasks physical workspace identity rejects a symlinked root [2.00ms]
{"ts":"2026-07-23T14:42:06.280Z","level":"error","service":"shud-harness-backend","event":"api.request.completed","request_id":"req_58adaa20-224c-43cb-9c28-527a4355b84c","route":"/api/tasks","status":500,"duration_ms":1}
{"ts":"2026-07-07T12:03:56.300Z","level":"info","service":"shud-harness-backend","event":"api.request.completed","request_id":"req_f37e90f6-eea5-449c-81d4-41bffab010d5","route":"/api/tasks","status":201,"duration_ms":126}
{"ts":"2026-07-07T12:03:56.300Z","level":"info","service":"shud-harness-backend","event":"api.request.completed","request_id":"req_5e6a748e-af7f-4294-bfd4-53207c0e57ef","route":"/api/tasks","status":201,"duration_ms":1190}
(pass) backend workspace and health routes > POST /api/tasks in-flight convergence isolates normalized workspaces [1196.01ms]
{"ts":"2026-07-07T12:03:56.350Z","level":"info","service":"shud-harness-backend","event":"api.request.completed","request_id":"req_3c4f67c5-670d-444d-8b60-22109e0ec6fb","route":"/api/tasks","status":201,"duration_ms":110}
{"ts":"2026-07-07T12:03:56.350Z","level":"info","service":"shud-harness-backend","event":"api.request.completed","request_id":"req_04d096c1-e513-452a-9656-a53c96f58dd4","route":"/api/tasks","status":201,"duration_ms":210}
(pass) backend workspace and health routes > POST /api/tasks active distinct keys in one workspace complete independently [215.00ms]
{"ts":"2026-07-23T14:42:07.695Z","level":"info","service":"shud-harness-backend","event":"api.request.completed","request_id":"req_65908760-a5d0-4743-b222-5188a5701437","route":"/api/tasks","status":200,"duration_ms":1}
{"ts":"2026-07-23T14:42:07.798Z","level":"error","service":"shud-harness-backend","event":"api.request.completed","request_id":"req_d2d38876-8b1c-4762-8615-f027402d35c5","route":"/api/tasks","status":500,"duration_ms":98}
{"ts":"2026-07-23T14:42:07.798Z","level":"info","service":"shud-harness-backend","event":"api.request.completed","request_id":"req_fbb60e9a-34f0-4887-bd5f-16bfd71a2644","route":"/api/tasks","status":200,"duration_ms":0}
{"ts":"2026-07-23T14:42:07.804Z","level":"info","service":"shud-harness-backend","event":"api.request.completed","request_id":"req_493bd707-d62d-4a2e-9b7f-a32e8cbfa78e","route":"/api/tasks","status":200,"duration_ms":5}
{"ts":"2026-07-23T14:42:07.807Z","level":"info","service":"shud-harness-backend","event":"api.request.completed","request_id":"req_56ed8b38-48f3-4e1d-ab9f-7804553add80","route":"/api/tasks","status":200,"duration_ms":1}
{"ts":"2026-07-23T14:42:07.895Z","level":"error","service":"shud-harness-backend","event":"api.request.completed","request_id":"req_cc601eb8-03d0-4610-9b07-53e8a07c3e9c","route":"/api/tasks","status":500,"duration_ms":82}
{"ts":"2026-07-23T14:42:07.896Z","level":"info","service":"shud-harness-backend","event":"api.request.completed","request_id":"req_2b198e8c-fdcc-492c-ad51-7c9a000dd633","route":"/api/tasks","status":200,"duration_ms":0}
(pass) backend workspace and health routes > POST /api/tasks bounds keyed and absent-key durable task-id collisions [207.00ms]
{"ts":"2026-07-23T14:42:07.900Z","level":"info","service":"shud-harness-backend","event":"api.request.completed","request_id":"req_13df0658-6f21-4ee5-bc83-bd14965f11bb","route":"/api/tasks","status":200,"duration_ms":4}
{"ts":"2026-07-07T12:03:56.357Z","level":"info","service":"shud-harness-backend","event":"api.request.completed","request_id":"req_0c1f60f8-9ca6-48d5-bfb7-87fa6be47194","route":"/api/tasks","status":200,"duration_ms":0}
{"ts":"2026-07-07T12:03:56.357Z","level":"info","service":"shud-harness-backend","event":"api.request.completed","request_id":"req_81bb20fd-6924-4625-aaae-b3b3f84af75d","route":"/api/tasks","status":201,"duration_ms":115}
{"ts":"2026-07-07T12:03:56.357Z","level":"info","service":"shud-harness-backend","event":"api.request.completed","request_id":"req_4f5c50dc-dda8-47a2-bf70-deade3a71909","route":"/api/tasks","status":200,"duration_ms":0}
{"ts":"2026-07-23T14:42:08.032Z","level":"info","service":"shud-harness-backend","event":"api.request.completed","request_id":"req_50348ab3-ed61-4f0f-8204-cbe15e4f0404","route":"/api/tasks","status":200,"duration_ms":8}
{"ts":"2026-07-07T12:03:56.357Z","level":"info","service":"shud-harness-backend","event":"api.request.completed","request_id":"req_cabb0d7a-23e4-414b-8bb3-aeaa06ec5627","route":"/api/tasks","status":200,"duration_ms":45}
{"ts":"2026-07-07T12:03:56.357Z","level":"info","service":"shud-harness-backend","event":"api.request.completed","request_id":"req_e35d683b-566e-4f4e-80ec-d72aa903faa9","route":"/api/tasks","status":200,"duration_ms":0}
{"ts":"2026-07-07T12:03:56.357Z","level":"info","service":"shud-harness-backend","event":"api.request.completed","request_id":"req_c767ebd5-9576-465e-9a2c-3e085a89f7c3","route":"/api/tasks","status":201,"duration_ms":11}
{"ts":"2026-07-07T12:03:56.357Z","level":"info","service":"shud-harness-backend","event":"api.request.completed","request_id":"req_0f8a1aa4-74d7-492c-aa8d-4ce42c2db615","route":"/api/tasks","status":200,"duration_ms":0}
(pass) backend workspace and health routes > POST /api/tasks retries keyed and absent-key durable collisions with a unique id [199.00ms]
{"ts":"2026-07-23T14:42:08.100Z","level":"info","service":"shud-harness-backend","event":"api.request.completed","request_id":"req_2f7cf2e5-459f-4bf8-a43b-f31772c0bcc5","route":"/api/tasks","status":200,"duration_ms":4}
{"ts":"2026-07-07T12:03:56.358Z","level":"info","service":"shud-harness-backend","event":"api.request.completed","request_id":"req_44441825-68be-4680-b7a6-9f0bb5584359","route":"/api/tasks","status":200,"duration_ms":0}
{"ts":"2026-07-07T12:03:56.358Z","level":"info","service":"shud-harness-backend","event":"api.request.completed","request_id":"req_e243048c-eed9-4e0b-ba3e-fbd4c55c667a","route":"/api/tasks","status":200,"duration_ms":0}
{"ts":"2026-07-07T12:03:56.358Z","level":"info","service":"shud-harness-backend","event":"api.request.completed","request_id":"req_4fc54608-341b-4156-9cf3-ebd2e64f7aa2","route":"/api/tasks","status":201,"duration_ms":109}
{"ts":"2026-07-07T12:03:56.358Z","level":"info","service":"shud-harness-backend","event":"api.request.completed","request_id":"req_ae221aef-4b13-4d3d-b64c-2b65e2129a9b","route":"/api/tasks","status":201,"duration_ms":96}
{"ts":"2026-07-07T12:03:56.358Z","level":"info","service":"shud-harness-backend","event":"api.request.completed","request_id":"req_6355971d-b822-4985-a089-eb57c38b2246","route":"/api/tasks/:id","status":200,"duration_ms":1}
{"ts":"2026-07-07T12:03:56.358Z","level":"info","service":"shud-harness-backend","event":"api.request.completed","request_id":"req_4dc900cf-a2d6-41c6-bacf-550d5ed0065b","route":"/api/tasks/:id","status":200,"duration_ms":0}
{"ts":"2026-07-23T14:42:08.227Z","level":"info","service":"shud-harness-backend","event":"api.request.completed","request_id":"req_b9faad35-b8be-420c-8026-9edbfbf84a3f","route":"/api/tasks","status":200,"duration_ms":5}
{"ts":"2026-07-23T14:42:08.268Z","level":"info","service":"shud-harness-backend","event":"api.request.completed","request_id":"req_c17e9b74-0df9-4b60-a1bb-552951d2aaf3","route":"/api/tasks","status":200,"duration_ms":41}
{"ts":"2026-07-23T14:42:08.273Z","level":"info","service":"shud-harness-backend","event":"api.request.completed","request_id":"req_ae292a14-2fa3-4d45-ad7e-d81413965bf9","route":"/api/tasks/:id","status":200,"duration_ms":5}
{"ts":"2026-07-23T14:42:08.312Z","level":"info","service":"shud-harness-backend","event":"api.request.completed","request_id":"req_2a817a11-ca5d-40cf-9af8-b2e49a41d9b2","route":"/api/tasks","status":200,"duration_ms":39}
{"ts":"2026-07-23T14:42:08.321Z","level":"info","service":"shud-harness-backend","event":"api.request.completed","request_id":"req_dc9f526f-622b-47ac-a700-a0a9227b114e","route":"/api/tasks/:id","status":200,"duration_ms":9}
{"ts":"2026-07-07T12:03:56.358Z","level":"info","service":"shud-harness-backend","event":"api.request.completed","request_id":"req_b3ab7e4c-6ec7-48b5-8147-72f5d2bc77b9","route":"/api/tasks","status":200,"duration_ms":0}
{"ts":"2026-07-07T12:03:56.358Z","level":"info","service":"shud-harness-backend","event":"api.request.completed","request_id":"req_9ad7e5a7-f2f6-4945-a59e-d6ea07beddaa","route":"/api/tasks","status":200,"duration_ms":0}
{"ts":"2026-07-07T12:03:56.358Z","level":"info","service":"shud-harness-backend","event":"api.request.completed","request_id":"req_a60a36d2-c921-489a-81ba-d2d7298fa31a","route":"/api/tasks","status":201,"duration_ms":127}
{"ts":"2026-07-07T12:03:56.358Z","level":"info","service":"shud-harness-backend","event":"api.request.completed","request_id":"req_e2c6f411-0dad-476f-9d81-6d110b7f4cea","route":"/api/tasks","status":201,"duration_ms":120}
{"ts":"2026-07-07T12:03:56.358Z","level":"info","service":"shud-harness-backend","event":"api.request.completed","request_id":"req_ec8c914a-5141-43f4-a4ac-66392c7b5450","route":"/api/tasks/:id","status":200,"duration_ms":0}
{"ts":"2026-07-07T12:03:56.358Z","level":"info","service":"shud-harness-backend","event":"api.request.completed","request_id":"req_2b14d7f8-4503-45cb-8126-1b3b0bed32f3","route":"/api/tasks/:id","status":200,"duration_ms":0}
{"ts":"2026-07-23T14:42:08.476Z","level":"info","service":"shud-harness-backend","event":"api.request.completed","request_id":"req_907a176e-f782-4641-ac37-cc4d160e7594","route":"/api/tasks","status":200,"duration_ms":5}
{"ts":"2026-07-23T14:42:08.519Z","level":"info","service":"shud-harness-backend","event":"api.request.completed","request_id":"req_0972b9bb-3a82-4946-83a4-dd027ed8d73e","route":"/api/tasks","status":200,"duration_ms":43}
{"ts":"2026-07-23T14:42:08.524Z","level":"info","service":"shud-harness-backend","event":"api.request.completed","request_id":"req_51b6d7b3-41a6-4916-a1ae-32aefa6467d8","route":"/api/tasks/:id","status":200,"duration_ms":4}
{"ts":"2026-07-23T14:42:08.567Z","level":"info","service":"shud-harness-backend","event":"api.request.completed","request_id":"req_f1c724e0-6849-45e9-97f4-6143ab83def0","route":"/api/tasks","status":200,"duration_ms":43}
(pass) backend workspace and health routes > two apps atomically allocate a shared first task id in both owner orders [471.01ms]
{"ts":"2026-07-23T14:42:08.572Z","level":"info","service":"shud-harness-backend","event":"api.request.completed","request_id":"req_0dcc77fc-18c4-4c44-8674-99e4b1a2b6b7","route":"/api/tasks/:id","status":200,"duration_ms":5}
(pass) backend workspace and health routes > S29-P62-08 owner-full terminal work is registered before durable classification [1863.02ms]
(pass) backend workspace and health routes > S29-P62-08 counts 1,024 pending terminal drivers before work and releases them for a second wave [1153.01ms]
(pass) backend workspace and health routes > POST /api/tasks admits at most 1024 attached followers and releases their accounting [649.01ms]
(pass) backend workspace and health routes > POST /api/tasks terminal owner with delayed follower leaves room beside 1023 active owners [638.01ms]
(pass) backend workspace and health routes > POST /api/tasks successful owners release bounded in-flight capacity [91729.60ms]
(pass) backend workspace and health routes > S29-P62-07 1,024 keyed tasks restart while the 1,025th task lane fails closed [91473.50ms]
{"ts":"2026-07-07T12:03:56.400Z","level":"warn","service":"shud-harness-backend","event":"api.request.completed","request_id":"req_0ac672a6-3a2b-4392-855f-c7652122fb15","route":"/api/tasks","status":422,"duration_ms":3}
(pass) backend workspace and health routes > POST /api/tasks active same-key digest mismatch stays 422 and does not join owner [1190.03ms]
{"ts":"2026-07-07T12:03:56.400Z","level":"info","service":"shud-harness-backend","event":"api.request.completed","request_id":"req_248f5f22-6f7e-475f-bc9a-cfc27c5da9c3","route":"/api/tasks","status":201,"duration_ms":1188}
{"ts":"2026-07-07T12:03:56.400Z","level":"info","service":"shud-harness-backend","event":"api.request.completed","request_id":"req_04d6633d-43a3-4aa9-b893-1a9be92d9b75","route":"/api/tasks","status":200,"duration_ms":0}
{"ts":"2026-07-07T12:03:57.000Z","level":"error","service":"shud-harness-backend","event":"api.request.completed","request_id":"req_741da2f9-95e1-4499-baa2-55f424c24b01","route":"/api/tasks","status":500,"duration_ms":1}
{"ts":"2026-07-07T12:03:57.000Z","level":"info","service":"shud-harness-backend","event":"api.request.completed","request_id":"req_cd1ab3ff-7f89-471b-a920-e672ccbfaf1c","route":"/api/tasks","status":201,"duration_ms":84}
(pass) backend workspace and health routes > POST /api/tasks blocked idempotency path fails before task state and succeeds after repair [88.00ms]
{"ts":"2026-07-07T12:03:57.500Z","level":"info","service":"shud-harness-backend","event":"api.request.completed","request_id":"req_155a98ca-660d-47d1-93a4-b23f78a60c96","route":"/api/tasks","status":200,"duration_ms":1}
{"ts":"2026-07-07T12:03:57.500Z","level":"error","service":"shud-harness-backend","event":"api.request.completed","request_id":"req_4b16cecb-4c58-49d6-ac91-f4baaee91b50","route":"/api/tasks","status":500,"duration_ms":50}
{"ts":"2026-07-07T12:03:57.500Z","level":"info","service":"shud-harness-backend","event":"api.request.completed","request_id":"req_19fdd597-e99c-47a4-ad19-8dfa1483aaa2","route":"/api/tasks","status":201,"duration_ms":110}
(pass) backend workspace and health routes > POST /api/tasks failed task persistence marks claim failed and retries after repair [168.00ms]
{"ts":"2026-07-07T12:03:57.500Z","level":"info","service":"shud-harness-backend","event":"api.request.completed","request_id":"req_2cd36265-1548-4c22-ab13-c0d5302cfd1c","route":"/api/tasks","status":200,"duration_ms":0}
{"ts":"2026-07-07T12:03:57.600Z","level":"error","service":"shud-harness-backend","event":"api.request.completed","request_id":"req_ad31b9a2-1ecc-4214-bed8-059a9059b0e3","route":"/api/tasks","status":500,"duration_ms":63}
{"ts":"2026-07-07T12:03:57.600Z","level":"info","service":"shud-harness-backend","event":"api.request.completed","request_id":"req_565b9c5c-594f-4cfa-8951-e48fc2e8503d","route":"/api/tasks","status":201,"duration_ms":112}
(pass) backend workspace and health routes > POST /api/tasks cleans a published snapshot when afterSnapshotWrite throws before retry [181.00ms]
{"ts":"2026-07-23T14:45:17.886Z","level":"info","service":"shud-harness-backend","event":"api.request.completed","request_id":"req_f5a12938-83e3-4f15-9c24-8178be08782b","route":"/api/tasks","status":200,"duration_ms":3}
{"ts":"2026-07-07T12:03:57.605Z","level":"error","service":"shud-harness-backend","event":"api.request.completed","request_id":"req_46591d19-50f2-4504-8760-13b5d3c89e0d","route":"/api/tasks","status":500,"duration_ms":60}
{"ts":"2026-07-07T12:03:57.605Z","level":"info","service":"shud-harness-backend","event":"api.request.completed","request_id":"req_26e5bfb9-c50e-4c75-bcdd-5840a5dfe3b2","route":"/api/tasks","status":200,"duration_ms":0}
{"ts":"2026-07-07T12:03:57.605Z","level":"info","service":"shud-harness-backend","event":"api.request.completed","request_id":"req_96cbd223-8e1d-47fd-acf1-643a1f62ffda","route":"/api/tasks","status":201,"duration_ms":113}
(pass) backend workspace and health routes > POST /api/tasks fails closed when afterSnapshotWrite deletes snapshot and returns [184.00ms]
{"ts":"2026-07-23T14:45:18.071Z","level":"info","service":"shud-harness-backend","event":"api.request.completed","request_id":"req_24d35722-6a27-45c1-a9c3-e9300f084045","route":"/api/tasks","status":200,"duration_ms":5}
{"ts":"2026-07-07T12:03:57.606Z","level":"error","service":"shud-harness-backend","event":"api.request.completed","request_id":"req_d709982b-f16c-4f22-9809-34c714848439","route":"/api/tasks","status":500,"duration_ms":61}
{"ts":"2026-07-07T12:03:57.606Z","level":"info","service":"shud-harness-backend","event":"api.request.completed","request_id":"req_630efc0a-4080-4a82-b4e5-2180dc0a9c6f","route":"/api/tasks","status":200,"duration_ms":0}
{"ts":"2026-07-07T12:03:57.606Z","level":"info","service":"shud-harness-backend","event":"api.request.completed","request_id":"req_afda5d21-e589-46e2-aa09-84731f1688f3","route":"/api/tasks","status":201,"duration_ms":110}
(pass) backend workspace and health routes > POST /api/tasks fails closed when afterSnapshotWrite corrupts snapshot and returns [176.00ms]
{"ts":"2026-07-07T12:03:57.607Z","level":"error","service":"shud-harness-backend","event":"api.request.completed","request_id":"req_203fd727-7027-4b5b-975e-84dabf745fc6","route":"/api/tasks","status":500,"duration_ms":61}
{"ts":"2026-07-07T12:03:57.607Z","level":"info","service":"shud-harness-backend","event":"api.request.completed","request_id":"req_695c8d37-b4b4-4016-b6c9-bf038cbb65c4","route":"/api/tasks","status":200,"duration_ms":0}
{"ts":"2026-07-07T12:03:57.607Z","level":"info","service":"shud-harness-backend","event":"api.request.completed","request_id":"req_d5c5fcda-cb85-4e95-bd99-069d0abc8367","route":"/api/tasks","status":201,"duration_ms":110}
(pass) backend workspace and health routes > POST /api/tasks rejects schema-valid outer snapshot drift before idempotency completion [177.00ms]
{"ts":"2026-07-07T12:03:57.607Z","level":"error","service":"shud-harness-backend","event":"api.request.completed","request_id":"req_02e18090-0cc6-4996-bdf6-6158850f0fe2","route":"/api/tasks","status":500,"duration_ms":62}
{"ts":"2026-07-07T12:03:57.607Z","level":"info","service":"shud-harness-backend","event":"api.request.completed","request_id":"req_c0f98724-065c-4d6d-9824-d315add5ec6e","route":"/api/tasks","status":200,"duration_ms":0}
{"ts":"2026-07-07T12:03:57.607Z","level":"info","service":"shud-harness-backend","event":"api.request.completed","request_id":"req_adb090b2-8afd-40eb-9206-c13b9e61617c","route":"/api/tasks","status":201,"duration_ms":111}
(pass) backend workspace and health routes > POST /api/tasks rejects unknown top-level fields added to producer snapshot bytes [178.00ms]
{"ts":"2026-07-07T12:03:57.608Z","level":"error","service":"shud-harness-backend","event":"api.request.completed","request_id":"req_1368cc50-b677-4969-a64f-26657f68853c","route":"/api/tasks","status":500,"duration_ms":58}
{"ts":"2026-07-23T14:45:18.665Z","level":"error","service":"shud-harness-backend","event":"api.request.completed","request_id":"req_2be458e5-99f8-4fb9-baf8-15a338a535cd","route":"/api/tasks","status":500,"duration_ms":1}
{"ts":"2026-07-07T12:03:57.608Z","level":"info","service":"shud-harness-backend","event":"api.request.completed","request_id":"req_76232ec5-8047-4ad8-8d81-2cfd22e033f1","route":"/api/tasks","status":201,"duration_ms":110}
(pass) backend workspace and health routes > POST /api/tasks preserves a directory successor at the snapshot leaf [176.00ms]
{"ts":"2026-07-07T12:03:57.610Z","level":"error","service":"shud-harness-backend","event":"api.request.completed","request_id":"req_9dc12743-47ab-4dc2-964b-d38fe8dc8229","route":"/api/tasks","status":500,"duration_ms":59}
(pass) backend workspace and health routes > POST /api/tasks does not follow a swapped task lane symlink during failed snapshot cleanup [64.00ms]
{"ts":"2026-07-23T14:45:18.990Z","level":"info","service":"shud-harness-backend","event":"api.request.completed","request_id":"req_42705d32-e9dc-40ae-bf7b-f53e86787baf","route":"/api/tasks","status":200,"duration_ms":0}
(pass) backend workspace and health routes > POST /api/tasks retains unknown rollback cache and retries after lane repair [264.01ms]
{"ts":"2026-07-07T12:03:57.625Z","level":"warn","service":"shud-harness-backend","event":"api.request.completed","request_id":"req_9ec02f1b-d555-4d6f-8e10-7c5a017eb0c6","route":"/api/tasks","status":400,"duration_ms":62}
{"ts":"2026-07-07T12:03:57.625Z","level":"info","service":"shud-harness-backend","event":"api.request.completed","request_id":"req_754aeaaf-2fb6-479f-96e2-824a641196e6","route":"/api/tasks","status":200,"duration_ms":0}
{"ts":"2026-07-07T12:03:57.625Z","level":"info","service":"shud-harness-backend","event":"api.request.completed","request_id":"req_5cde2cb7-f47f-4510-b8a0-5536d34134b8","route":"/api/tasks","status":201,"duration_ms":112}
(pass) backend workspace and health routes > POST /api/tasks rolls back snapshot when idempotency completion fails [181.00ms]
{"ts":"2026-07-07T12:03:57.625Z","level":"info","service":"shud-harness-backend","event":"api.request.completed","request_id":"req_24386cca-f4c7-4d2c-9ce0-a6505cd2b1b4","route":"/api/tasks","status":200,"duration_ms":0}
{"ts":"2026-07-07T12:03:57.627Z","level":"warn","service":"shud-harness-backend","event":"api.request.completed","request_id":"req_b5cb048b-8436-412f-a28a-0b45b8fc439b","route":"/api/tasks","status":409,"duration_ms":121}
(pass) backend workspace and health routes > POST /api/tasks preserves semantic TaskServiceError fields across completion and release failure [127.00ms]
(pass) backend workspace and health routes > S29-P62-10 POST /api/tasks binds descriptor-safe adapter at both route failure folds [64.00ms]
{"ts":"2026-07-15T12:28:11.000Z","level":"warn","service":"shud-harness-backend","event":"api.request.completed","request_id":"req_f70f91c0-9d49-4200-9f14-dff360d9b056","route":"/api/tasks","status":409,"duration_ms":32}
(pass) backend workspace and health routes > S30-P62-03/S31-P62-03/S32-P62-03 pre-completion primary dominates recovered-authority settlement [74.00ms]
{"ts":"2026-07-23T14:45:19.554Z","level":"warn","service":"shud-harness-backend","event":"api.request.completed","request_id":"req_603c937b-0811-4c5d-b868-e0621d5a3ef2","route":"/api/tasks","status":409,"duration_ms":73}
{"ts":"2026-07-15T12:28:11.000Z","level":"warn","service":"shud-harness-backend","event":"api.request.completed","request_id":"req_c0408d4f-123d-42d4-afe6-b8021ea4c44e","route":"/api/tasks","status":409,"duration_ms":114}
(pass) backend workspace and health routes > S32-P62-03 competing completed cleanup consumes exact authority and preserves cleanup primary [123.00ms]
(pass) backend workspace and health routes > S30-P62-08/S31-P62-04/S32-P62-04 observation body dominates final cancellation [77.00ms]
{"ts":"2026-07-23T14:45:19.755Z","level":"warn","service":"shud-harness-backend","event":"api.request.completed","request_id":"req_2e901eda-7e3d-4630-a9c0-65e2360c2a73","route":"/api/tasks","status":409,"duration_ms":76}
(pass) backend workspace and health routes > S31-P62-05 initial publication primary dominates failed-record recovery [15.00ms]
{"ts":"2026-07-23T14:45:19.771Z","level":"warn","service":"shud-harness-backend","event":"api.request.completed","request_id":"req_29f92f57-83c0-40a3-9092-6816c18b6620","route":"/api/tasks","status":409,"duration_ms":14}
(pass) backend workspace and health routes > Child A1 keeps final release authoritative behind an observation tail [50.00ms]
{"ts":"2026-07-23T14:45:19.821Z","level":"warn","service":"shud-harness-backend","event":"api.request.completed","request_id":"req_57e35a53-aaa4-494f-bb79-515d691b7262","route":"/api/tasks","status":409,"duration_ms":49}
(pass) backend workspace and health routes > S31-P62-06 earlier caller primary dominates invalid authority and post-rollback recovery [107.00ms]
{"ts":"2026-07-23T14:45:19.929Z","level":"warn","service":"shud-harness-backend","event":"api.request.completed","request_id":"req_d60ba558-730e-4912-be5f-183d1d023916","route":"/api/tasks","status":409,"duration_ms":106}
(pass) backend workspace and health routes > S31-P62-10 throwing route observer cannot replace canonical typed JSON [55.00ms]
{"ts":"2026-07-23T14:45:19.984Z","level":"warn","service":"shud-harness-backend","event":"api.request.completed","request_id":"req_74939bf8-9b14-4b42-b239-109dc3866de3","route":"/api/tasks","status":409,"duration_ms":53}
(pass) backend workspace and health routes > S32-P62-10 rejected-thenable route observer cannot replace typed JSON [56.00ms]
{"ts":"2026-07-23T14:45:20.040Z","level":"warn","service":"shud-harness-backend","event":"api.request.completed","request_id":"req_f23ffadd-dfb5-4bf5-b3eb-99eaecd4d20a","route":"/api/tasks","status":409,"duration_ms":53}
{"ts":"2026-07-23T14:45:20.128Z","level":"info","service":"shud-harness-backend","event":"api.request.completed","request_id":"req_5cf8808a-0e03-42a1-bb01-692982cce914","route":"/api/tasks","status":201,"duration_ms":87}
{"ts":"2026-07-23T14:45:20.166Z","level":"error","service":"shud-harness-backend","event":"api.request.completed","request_id":"req_282a4b7e-51ff-4093-890b-d73dfa88311e","route":"/api/tasks","status":500,"duration_ms":38}
(pass) backend workspace and health routes > S32-P62-05 repairable authority primary dominates authority cancellation [128.00ms]
(pass) backend workspace and health routes > backend resource-release catches are final-release producers [20.00ms]
{"ts":"2026-07-23T14:45:20.241Z","level":"error","service":"shud-harness-backend","event":"api.request.completed","request_id":"req_a6c0dfc0-4ef2-4d16-a6e7-71ab946bac32","route":"/api/tasks","status":500,"duration_ms":47}
{"ts":"2026-07-23T14:45:20.281Z","level":"error","service":"shud-harness-backend","event":"api.request.completed","request_id":"req_ff2ea345-f5b3-46ef-9fc9-3fcc7d342cf6","route":"/api/tasks","status":500,"duration_ms":40}
(pass) backend workspace and health routes > S33-P62-01 owner invalid-completed preserves same-semantic physical B behind exact authority [213.01ms]
{"ts":"2026-07-23T14:45:20.402Z","level":"info","service":"shud-harness-backend","event":"api.request.completed","request_id":"req_6a9757c8-534f-43d1-9d11-100e868f79b3","route":"/api/tasks","status":201,"duration_ms":121}
{"ts":"2026-07-23T14:45:20.456Z","level":"error","service":"shud-harness-backend","event":"api.request.completed","request_id":"req_18d3fcf1-a986-4438-8a61-6cd96cfe90bb","route":"/api/tasks","status":500,"duration_ms":52}
{"ts":"2026-07-23T14:45:20.500Z","level":"error","service":"shud-harness-backend","event":"api.request.completed","request_id":"req_38725767-9b48-4fbf-8287-095683ab0fde","route":"/api/tasks","status":500,"duration_ms":44}
(pass) backend workspace and health routes > S33-P62-01 polling invalid-completed preserves same-semantic physical B behind exact authority [219.01ms]
{"ts":"2026-07-23T14:45:20.621Z","level":"info","service":"shud-harness-backend","event":"api.request.completed","request_id":"req_7298ebd9-1503-4adf-a60a-1a4131176220","route":"/api/tasks","status":201,"duration_ms":121}
(pass) backend workspace and health routes > S33-P62-01 no-owner invalid-completed preserves same-semantic physical B behind exact authority [607.01ms]
{"ts":"2026-07-23T14:45:21.296Z","level":"error","service":"shud-harness-backend","event":"api.request.completed","request_id":"req_8b6f8bca-adbb-47a6-be12-f659a54ae073","route":"/api/tasks","status":500,"duration_ms":64}
(pass) backend workspace and health routes > S34-P62-01 guard-release failure settles every transported rejected-decision resource on the malformed arm [192.00ms]
{"ts":"2026-07-23T14:45:21.423Z","level":"info","service":"shud-harness-backend","event":"api.request.completed","request_id":"req_fc6e2bc6-cc5d-4369-a2a4-d2dd20999b95","route":"/api/tasks","status":201,"duration_ms":127}
{"ts":"2026-07-23T14:45:21.482Z","level":"error","service":"shud-harness-backend","event":"api.request.completed","request_id":"req_e3a627f7-ee8f-4db3-8bf4-f23e7ea609cc","route":"/api/tasks","status":500,"duration_ms":57}
(pass) backend workspace and health routes > S34-P62-01 guard-release failure settles the missing-arm cache claim without per-retry growth [181.00ms]
{"ts":"2026-07-23T14:45:21.605Z","level":"info","service":"shud-harness-backend","event":"api.request.completed","request_id":"req_9e79caa1-4293-493b-a068-c0206be313e2","route":"/api/tasks","status":201,"duration_ms":123}
{"ts":"2026-07-23T14:45:21.645Z","level":"error","service":"shud-harness-backend","event":"api.request.completed","request_id":"req_afed6db0-374d-4db0-ab8a-4d56fef4d9f4","route":"/api/tasks","status":500,"duration_ms":37}
{"ts":"2026-07-23T14:45:21.699Z","level":"error","service":"shud-harness-backend","event":"api.request.completed","request_id":"req_0288421d-bec2-41f0-9160-79c3330d7356","route":"/api/tasks","status":500,"duration_ms":54}
(pass) backend workspace and health routes > S34-P62-02 refresh failure settles every transported rejected-decision resource [211.01ms]
{"ts":"2026-07-23T14:45:21.817Z","level":"info","service":"shud-harness-backend","event":"api.request.completed","request_id":"req_12c30026-9f7f-4ace-8d3c-16f3681c3dd1","route":"/api/tasks","status":201,"duration_ms":118}
{"ts":"2026-07-23T14:45:21.907Z","level":"warn","service":"shud-harness-backend","event":"api.request.completed","request_id":"req_f897d180-9447-4317-8c08-039e792492cb","route":"/api/tasks","status":409,"duration_ms":88}
(pass) backend workspace and health routes > S34-P62-04 compound settlement and release failure preserves the unknown-wrapped typed primary [178.00ms]
{"ts":"2026-07-23T14:45:21.995Z","level":"warn","service":"shud-harness-backend","event":"api.request.completed","request_id":"req_58bd0acd-796d-447e-bf3a-84ccb4569662","route":"/api/tasks","status":409,"duration_ms":88}
(pass) backend workspace and health routes > Phase 6.2 bounds cyclic and fresh prototype proxies through backend finalizer and serializer [808.02ms]
{"ts":"2026-07-23T14:45:22.895Z","level":"info","service":"shud-harness-backend","event":"api.request.completed","request_id":"req_6045ff74-8d73-4044-b864-f1378e53d961","route":"/api/tasks","status":201,"duration_ms":91}
(pass) backend workspace and health routes > S34-P62-05 digest-mismatch accept-settlement failure preserves the typed binding primary [144.00ms]
{"ts":"2026-07-23T14:45:22.947Z","level":"error","service":"shud-harness-backend","event":"api.request.completed","request_id":"req_4ef54708-7c3f-4849-a0d3-9dd345c087fc","route":"/api/tasks","status":500,"duration_ms":52}
{"ts":"2026-07-23T14:45:23.064Z","level":"info","service":"shud-harness-backend","event":"api.request.completed","request_id":"req_a17a8794-029c-4630-a54f-a22913c37da0","route":"/api/tasks","status":201,"duration_ms":114}
(pass) backend workspace and health routes > S34-P62-05b digest-mismatch typed acceptance failure keeps the typed primary with the binding classification folded [157.00ms]
{"ts":"2026-07-23T14:45:23.104Z","level":"warn","service":"shud-harness-backend","event":"api.request.completed","request_id":"req_2ec11ce9-9e49-46f2-bf72-5da8723b9df6","route":"/api/tasks","status":409,"duration_ms":39}
{"ts":"2026-07-23T14:45:23.196Z","level":"warn","service":"shud-harness-backend","event":"api.request.completed","request_id":"req_f7d4755a-fcdd-48be-a8ae-d7ab4a3137da","route":"/api/tasks","status":409,"duration_ms":91}
(pass) backend workspace and health routes > S34-P62-08 self-identical release rejection folds the failure exactly once [176.00ms]
{"ts":"2026-07-23T14:45:23.280Z","level":"warn","service":"shud-harness-backend","event":"api.request.completed","request_id":"req_e810da9f-05bd-4087-a89a-8876d84322c5","route":"/api/tasks","status":409,"duration_ms":84}
{"ts":"2026-07-23T14:45:23.368Z","level":"info","service":"shud-harness-backend","event":"api.request.completed","request_id":"req_879b0181-ab32-448e-8c4f-1ee3dff98610","route":"/api/tasks","status":201,"duration_ms":86}
{"ts":"2026-07-23T14:45:23.403Z","level":"warn","service":"shud-harness-backend","event":"api.request.completed","request_id":"req_02978b84-dbf2-4bb2-8e3d-1e58d0db2503","route":"/api/tasks","status":409,"duration_ms":35}
(pass) backend workspace and health routes > S33-P62-04 completed-replay unknown settlement failure preserves the typed primary [159.00ms]
{"ts":"2026-07-23T14:45:23.440Z","level":"info","service":"shud-harness-backend","event":"api.request.completed","request_id":"req_83828a94-82fc-476a-a526-eb655054b491","route":"/api/tasks","status":200,"duration_ms":37}
{"ts":"2026-07-23T14:45:23.524Z","level":"error","service":"shud-harness-backend","event":"api.request.completed","request_id":"req_07eed35a-caba-4281-ba44-db9e9760dbf8","route":"/api/tasks","status":500,"duration_ms":82}
{"ts":"2026-07-23T14:45:23.598Z","level":"warn","service":"shud-harness-backend","event":"api.request.completed","request_id":"req_43dec68b-e1b2-413b-85b3-1a10de452fc4","route":"/api/tasks","status":409,"duration_ms":69}
(pass) backend workspace and health routes > Round 2 finalizer keeps undefined cancellation rejections present for fulfilled and rejected bodies [160.00ms]
{"ts":"2026-07-23T14:45:23.678Z","level":"error","service":"shud-harness-backend","event":"api.request.completed","request_id":"req_7582d0fb-f897-46b1-b5fa-df714256fcc1","route":"/api/tasks","status":500,"duration_ms":76}
(pass) backend workspace and health routes > Round 2 undefined authority reconciliation rejection prevents rollback and preserves completed state [80.00ms]
{"ts":"2026-07-23T14:45:23.770Z","level":"info","service":"shud-harness-backend","event":"api.request.completed","request_id":"req_e17a2009-9009-435e-ad48-9e57c72352d2","route":"/api/tasks","status":201,"duration_ms":88}
(pass) backend workspace and health routes > S33-P62-04 completed-replay repairable settlement failure preserves the typed primary [125.00ms]
{"ts":"2026-07-23T14:45:23.806Z","level":"error","service":"shud-harness-backend","event":"api.request.completed","request_id":"req_37218063-5e00-4b81-8088-4f91e5bcd0a3","route":"/api/tasks","status":500,"duration_ms":35}
{"ts":"2026-07-23T14:45:23.864Z","level":"warn","service":"shud-harness-backend","event":"api.request.completed","request_id":"req_85466a9b-8532-4398-a360-a94f79ce765f","route":"/api/tasks","status":409,"duration_ms":56}
(pass) backend workspace and health routes > S33-P62-09 inner completed-consumption fold preserves the primary with the complete ordered vector [96.00ms]
{"ts":"2026-07-23T14:45:23.903Z","level":"info","service":"shud-harness-backend","event":"api.request.completed","request_id":"req_e4eacd40-13eb-45dd-9c34-9d6f7654bc3b","route":"/api/tasks","status":200,"duration_ms":37}
{"ts":"2026-07-07T12:03:57.635Z","level":"error","service":"shud-harness-backend","event":"api.request.completed","request_id":"req_19ab3b11-b2ee-49c9-9253-5ee1c2d92e94","route":"/api/tasks","status":500,"duration_ms":35}
{"ts":"2026-07-07T12:03:57.635Z","level":"error","service":"shud-harness-backend","event":"api.request.completed","request_id":"req_f4f713ca-ed4b-4f59-a204-97cd9ac148bc","route":"/api/tasks","status":500,"duration_ms":6}
(pass) backend workspace and health routes > POST /api/tasks fails closed on a malformed transition guard [47.00ms]
{"ts":"2026-07-07T12:03:57.640Z","level":"warn","service":"shud-harness-backend","event":"api.request.completed","request_id":"req_7fb7a0a0-4548-45dc-9650-37342398e39b","route":"/api/tasks","status":400,"duration_ms":62}
{"ts":"2026-07-07T12:03:57.640Z","level":"info","service":"shud-harness-backend","event":"api.request.completed","request_id":"req_bf5edbcc-c7c9-4110-89bc-f4befeba043c","route":"/api/tasks","status":200,"duration_ms":0}
{"ts":"2026-07-07T12:03:57.640Z","level":"info","service":"shud-harness-backend","event":"api.request.completed","request_id":"req_3f018ca7-cdfd-4c87-aba3-22b9194365ce","route":"/api/tasks/:id","status":200,"duration_ms":0}
{"ts":"2026-07-23T14:45:24.017Z","level":"error","service":"shud-harness-backend","event":"api.request.completed","request_id":"req_3fa3542a-0cf1-4545-9e27-b415a9bea090","route":"/api/tasks","status":500,"duration_ms":2}
{"ts":"2026-07-07T12:03:57.640Z","level":"info","service":"shud-harness-backend","event":"api.request.completed","request_id":"req_1a27236d-c29f-43d8-9941-05f16574a830","route":"/api/tasks","status":201,"duration_ms":112}
(pass) backend workspace and health routes > POST /api/tasks preserves a directory successor when rollback cannot observe its generation [182.00ms]
{"ts":"2026-07-07T12:03:57.650Z","level":"warn","service":"shud-harness-backend","event":"api.request.completed","request_id":"req_91b6c0a9-7bb0-4cae-952c-47b19d71866e","route":"/api/tasks","status":400,"duration_ms":60}
{"ts":"2026-07-07T12:03:57.650Z","level":"info","service":"shud-harness-backend","event":"api.request.completed","request_id":"req_d581e0c3-57fb-46a1-9edc-2b15d5a6bea1","route":"/api/tasks","status":200,"duration_ms":0}
{"ts":"2026-07-07T12:03:57.650Z","level":"info","service":"shud-harness-backend","event":"api.request.completed","request_id":"req_ae8c9288-b58a-4fa7-b9f0-33592feca4db","route":"/api/tasks","status":201,"duration_ms":107}
(pass) backend workspace and health routes > POST /api/tasks rollback preserves existing lane files and leaves failed claim retryable [251.01ms]
{"ts":"2026-07-07T12:03:57.650Z","level":"info","service":"shud-harness-backend","event":"api.request.completed","request_id":"req_1108c4af-49ac-421c-9c49-18270574813f","route":"/api/tasks","status":200,"duration_ms":0}
{"ts":"2026-07-07T12:03:57.750Z","level":"error","service":"shud-harness-backend","event":"api.request.completed","request_id":"req_0f12fee1-6449-47a3-ab2d-0ad8a43ba660","route":"/api/tasks","status":500,"duration_ms":51}
{"ts":"2026-07-07T12:03:58.000Z","level":"info","service":"shud-harness-backend","event":"api.request.completed","request_id":"req_42ac7742-29db-4630-970e-90d45e85708f","route":"/api/tasks","status":201,"duration_ms":110}
{"ts":"2026-07-07T12:03:58.000Z","level":"info","service":"shud-harness-backend","event":"api.request.completed","request_id":"req_eccb9c2b-e042-436d-827e-ab78f56bf01f","route":"/api/tasks","status":200,"duration_ms":148}
(pass) backend workspace and health routes > POST /api/tasks concurrent failed-claim retries converge across backend app instances [206.00ms]
{"ts":"2026-07-07T12:03:58.000Z","level":"error","service":"shud-harness-backend","event":"api.request.completed","request_id":"req_e0cb18d5-2eff-4b17-af2d-40370ec7f2fe","route":"/api/tasks","status":500,"duration_ms":2}
{"ts":"2026-07-07T12:03:58.000Z","level":"info","service":"shud-harness-backend","event":"api.request.completed","request_id":"req_94b15754-7f8e-4ddf-b239-a5d2d2fc8c2d","route":"/api/tasks","status":201,"duration_ms":84}
(pass) backend workspace and health routes > POST /api/tasks failed create retry does not leave a poisoned completed idempotency record [91.00ms]
{"ts":"2026-07-07T12:04:00.000Z","level":"info","service":"shud-harness-backend","event":"api.request.completed","request_id":"req_250a57f7-1052-4d07-be22-2a69734bddc1","route":"/api/tasks","status":201,"duration_ms":5}
(pass) backend workspace and health routes > POST /api/tasks preserves unrelated files in an existing task lane [7.00ms]
(pass) backend workspace and health routes > POST /api/tasks rejects invalid request bodies with a canonical schema_error envelope [1.00ms]
(pass) backend workspace and health routes > POST /api/tasks rejects malformed JSON with a canonical schema_error envelope [1.00ms]
{"ts":"2026-07-23T14:45:24.722Z","level":"warn","service":"shud-harness-backend","event":"api.request.completed","request_id":"req_4bb616b2-4a9f-4f54-a0f0-2c9c198c79eb","route":"/api/tasks","status":400,"duration_ms":1}
(pass) backend workspace and health routes > POST /api/tasks rejects invalid enum values without creating task state
{"ts":"2026-07-23T14:45:24.723Z","level":"warn","service":"shud-harness-backend","event":"api.request.completed","request_id":"req_4709a7f4-be7c-4a31-885a-687783b3009b","route":"/api/tasks","status":400,"duration_ms":0}
{"ts":"2026-07-23T14:45:24.723Z","level":"warn","service":"shud-harness-backend","event":"api.request.completed","request_id":"req_af209396-5abc-4f4f-9b9b-b1a1478b57ab","route":"/api/tasks","status":400,"duration_ms":0}
{"ts":"2026-07-23T14:45:24.729Z","level":"warn","service":"shud-harness-backend","event":"api.request.completed","request_id":"req_00290755-d2c1-4e6e-b9e8-ab64ab320895","route":"/api/tasks","status":400,"duration_ms":4}
(pass) backend workspace and health routes > POST /api/tasks rejects oversized task snapshots before accepting state [7.00ms]
{"ts":"2026-07-23T14:45:24.731Z","level":"info","service":"shud-harness-backend","event":"api.request.completed","request_id":"req_9ebba43e-0f35-4d09-ac0f-c9825225a7c7","route":"/api/tasks","status":200,"duration_ms":2}
{"ts":"2026-07-23T14:45:24.735Z","level":"warn","service":"shud-harness-backend","event":"api.request.completed","request_id":"req_5d130783-279f-4df6-badf-131e64a049ef","route":"/api/tasks","status":400,"duration_ms":2}
(pass) backend workspace and health routes > POST /api/tasks rejects oversized keyed requests before digest state [5.00ms]
{"ts":"2026-07-23T14:45:24.740Z","level":"warn","service":"shud-harness-backend","event":"api.request.completed","request_id":"req_1aac6dd9-7074-409d-a4a7-30d4eb689e1f","route":"/api/tasks","status":400,"duration_ms":2}
(pass) backend workspace and health routes > POST /api/tasks rejects oversized keyed malformed JSON before parsing body [5.00ms]
{"ts":"2026-07-07T12:04:30.000Z","level":"info","service":"shud-harness-backend","event":"api.request.completed","request_id":"req_797a7037-3afd-4f73-a46f-a35c0e6a8f1f","route":"/api/tasks","status":201,"duration_ms":14}
(pass) backend workspace and health routes > POST /api/tasks accepts and recovers large snapshots below the M1 byte cap [22.00ms]
{"ts":"2026-07-23T14:45:24.761Z","level":"info","service":"shud-harness-backend","event":"api.request.completed","request_id":"req_a7feb1ca-ed67-49b3-993b-47c092fa20cc","route":"/api/tasks","status":200,"duration_ms":5}
(pass) backend workspace and health routes > unknown API paths and missing task ids return canonical 404 envelopes [15.00ms]
(pass) backend workspace and health routes > malformed task snapshots fail closed with a canonical envelope [4.00ms]
{"ts":"2026-07-23T14:45:24.786Z","level":"error","service":"shud-harness-backend","event":"api.request.completed","request_id":"req_fe948104-46a3-4154-8629-700e6bfa8085","route":"/api/tasks","status":500,"duration_ms":3}
(pass) backend workspace and health routes > symlinked task snapshots fail closed without reading outside the workspace [2.00ms]
{"ts":"2026-07-23T14:45:24.788Z","level":"error","service":"shud-harness-backend","event":"api.request.completed","request_id":"req_689870af-9734-4f9e-b8e5-586e8b83bd08","route":"/api/tasks","status":500,"duration_ms":1}
(pass) backend workspace and health routes > task snapshot leaf swaps during recovery fail closed without hydrating outside snapshots [2.00ms]
(pass) backend workspace and health routes > task snapshot parent-lane swaps during recovery fail closed without outside hydration [3.00ms]
(pass) backend workspace and health routes > task snapshot writes reject parent-lane swaps before writing outside [5.00ms]
(pass) backend workspace and health routes > special-file task snapshots fail closed before opening [8.00ms]
{"ts":"2026-07-23T14:45:24.808Z","level":"error","service":"shud-harness-backend","event":"api.request.completed","request_id":"req_9b4dacbf-1409-44c6-b56b-ca4e7ffdaf16","route":"/api/tasks","status":500,"duration_ms":1}
{"ts":"2026-07-23T14:45:24.812Z","level":"error","service":"shud-harness-backend","event":"api.request.completed","request_id":"req_99a24e0c-c9f6-437f-9696-f103d8108075","route":"/api/tasks","status":500,"duration_ms":2}
(pass) backend workspace and health routes > task snapshot recovery rejects unsafe and mismatched task ids with workspace envelopes [9.00ms]
{"ts":"2026-07-23T14:45:24.817Z","level":"error","service":"shud-harness-backend","event":"api.request.completed","request_id":"req_abfff32b-f1be-4f5a-8424-334375df6fbe","route":"/api/tasks","status":500,"duration_ms":5}
{"ts":"2026-07-23T14:45:24.820Z","level":"error","service":"shud-harness-backend","event":"api.request.completed","request_id":"req_3129b70a-5806-4903-a187-d1ad43525ffa","route":"/api/tasks","status":500,"duration_ms":2}
(pass) backend workspace and health routes > task snapshot recovery rejects nested task_card mismatches and nonzero latest_seq [6.00ms]
{"ts":"2026-07-23T14:45:24.823Z","level":"error","service":"shud-harness-backend","event":"api.request.completed","request_id":"req_676feaec-fe45-4b91-88af-e90418247501","route":"/api/tasks","status":500,"duration_ms":2}
(pass) backend workspace and health routes > oversized existing task snapshots fail closed without leaking task content [2.00ms]
{"ts":"2026-07-23T14:45:24.826Z","level":"error","service":"shud-harness-backend","event":"api.request.completed","request_id":"req_854cf437-aed5-4865-8d2b-bb09a9b755ad","route":"/api/tasks","status":500,"duration_ms":1}
(pass) backend workspace and health routes > regular-file task lanes fail closed with a canonical envelope [2.00ms]
{"ts":"2026-07-23T14:45:24.828Z","level":"error","service":"shud-harness-backend","event":"api.request.completed","request_id":"req_fca7b5f7-c17f-4e51-b22d-6cae13b21ead","route":"/api/tasks","status":500,"duration_ms":1}
{"ts":"2026-07-07T12:05:00.000Z","level":"info","service":"shud-harness-backend","event":"api.request.completed","request_id":"req_ef845c87-3507-4b10-9f91-40a02d3de672","route":"/api/tasks","status":201,"duration_ms":8}
(pass) backend workspace and health routes > startup hydration ignores unrelated files and only reads bounded task snapshot candidates [11.00ms]
{"ts":"2026-07-23T14:45:24.839Z","level":"info","service":"shud-harness-backend","event":"api.request.completed","request_id":"req_f1438dfe-14f2-4ca3-859b-e8aabbaa4c42","route":"/api/tasks","status":200,"duration_ms":2}
(pass) backend workspace and health routes > GET /api/tasks fails closed when workspace task entry count exceeds the M1 hydration limit [37.00ms]
{"ts":"2026-07-23T14:45:24.877Z","level":"error","service":"shud-harness-backend","event":"api.request.completed","request_id":"req_7affa74a-a6d2-44bb-af48-5183066dbe27","route":"/api/tasks","status":500,"duration_ms":3}
{"ts":"2026-07-07T12:05:30.000Z","level":"info","service":"shud-harness-backend","event":"api.request.completed","request_id":"req_2a724b26-b827-4e36-91dd-c6a412dfba6c","route":"/api/tasks","status":201,"duration_ms":6}
{"ts":"2026-07-07T12:05:30.000Z","level":"info","service":"shud-harness-backend","event":"api.request.completed","request_id":"req_7cc89a13-779f-4af5-bc5a-bac5f8ef6124","route":"/api/tasks","status":201,"duration_ms":7}
(pass) backend workspace and health routes > duplicate generated task ids retry safely and fail without adding accepted state [62.00ms]
{"ts":"2026-07-23T14:45:24.956Z","level":"error","service":"shud-harness-backend","event":"api.request.completed","request_id":"req_12adf968-d320-431d-8289-aef423922b6f","route":"/api/tasks","status":500,"duration_ms":48}
{"ts":"2026-07-07T12:05:30.000Z","level":"info","service":"shud-harness-backend","event":"api.request.completed","request_id":"req_082f2912-cbbb-4945-aea8-0df4d78170a7","route":"/api/tasks","status":200,"duration_ms":0}
{"ts":"2026-07-23T14:45:24.961Z","level":"error","service":"shud-harness-backend","event":"api.request.completed","request_id":"req_33b15787-4eda-4f0b-851d-dcd0ebce20a8","route":"/api/tasks","status":500,"duration_ms":2}
(pass) backend workspace and health routes > task hydration failures can be repaired and retried in the same service [7.00ms]
{"ts":"2026-07-23T14:45:24.964Z","level":"info","service":"shud-harness-backend","event":"api.request.completed","request_id":"req_c9ff1a0d-d305-41ef-91b3-6ab4db424c47","route":"/api/tasks","status":200,"duration_ms":3}
{"ts":"2026-07-07T12:06:00.000Z","level":"info","service":"shud-harness-backend","event":"api.request.completed","request_id":"req_027595c0-99e8-421e-a891-ffd895774b0c","route":"/api/tasks","status":201,"duration_ms":6}
{"ts":"2026-07-07T12:06:00.000Z","level":"info","service":"shud-harness-backend","event":"api.request.completed","request_id":"req_7762ee3a-0490-4903-ad2a-8bfccae7a7b2","route":"/api/tasks","status":201,"duration_ms":6}
{"ts":"2026-07-07T12:06:00.000Z","level":"info","service":"shud-harness-backend","event":"api.request.completed","request_id":"req_0e6739f4-041b-492b-8ca4-6d0d0d6882bb","route":"/api/tasks","status":201,"duration_ms":6}
{"ts":"2026-07-07T12:06:00.000Z","level":"info","service":"shud-harness-backend","event":"api.request.completed","request_id":"req_1838638f-37df-4725-b4a9-ad2792df4652","route":"/api/tasks","status":201,"duration_ms":6}
{"ts":"2026-07-07T12:06:00.000Z","level":"info","service":"shud-harness-backend","event":"api.request.completed","request_id":"req_5b26bdda-f4b0-46aa-8144-dcbdab0a8249","route":"/api/tasks","status":200,"duration_ms":1}
(pass) backend workspace and health routes > concurrent task creates keep unique ids, coherent list/detail, and one snapshot per task [8.00ms]
{"ts":"2026-07-07T12:06:00.000Z","level":"info","service":"shud-harness-backend","event":"api.request.completed","request_id":"req_be1bc42c-cebc-40b4-b4c6-ec1091fad791","route":"/api/tasks/:id","status":200,"duration_ms":0}
{"ts":"2026-07-07T12:06:00.000Z","level":"info","service":"shud-harness-backend","event":"api.request.completed","request_id":"req_58db4bed-7b3b-4841-a9b1-d7908d0004b6","route":"/api/tasks/:id","status":200,"duration_ms":0}
{"ts":"2026-07-07T12:06:00.000Z","level":"info","service":"shud-harness-backend","event":"api.request.completed","request_id":"req_6f9aa119-b660-4086-a05d-1254382e8bc8","route":"/api/tasks/:id","status":200,"duration_ms":0}
{"ts":"2026-07-07T12:06:00.000Z","level":"info","service":"shud-harness-backend","event":"api.request.completed","request_id":"req_8412269b-9608-48e9-bb04-6558616e71a5","route":"/api/tasks/:id","status":200,"duration_ms":0}
(pass) backend workspace and health routes > task snapshot writes reject a symlinked tasks root without writing outside [4.00ms]

::endgroup::

::group::packages/backend/src/routes/local-auth.test.ts:
{"ts":"2026-07-23T14:45:24.976Z","level":"error","service":"shud-harness-backend","event":"api.request.completed","request_id":"req_b50b2dc1-c244-4500-ab0e-2550fab37491","route":"/api/tasks","status":500,"duration_ms":3}
(pass) backend local API authentication > production listen options bind only to the IPv4 loopback hostname [1.00ms]
{"ts":"2026-07-23T14:45:24.988Z","level":"info","service":"shud-harness-backend","event":"api.request.completed","request_id":"req_f3ddd8a6-2290-40e5-976f-508d46ada6aa","route":"/api/health/live","status":200,"duration_ms":0}
(pass) backend local API authentication > the package production entrypoint serves health and protected API on a real loopback socket [33.00ms]
(pass) backend local API authentication > missing, malformed, and wrong credentials fail before the protected handler [2.00ms]
(pass) backend local API authentication > syntactically rejected credentials never reprove file authority and a match reproves exactly once [1.00ms]
(pass) backend local API authentication > only exact GET live and ready routes are exempt while non-API requests stay outside auth [12.00ms]
(pass) backend local API authentication > the exact Bearer grammar accepts the 4096-byte boundary and rejects overlong presentation [4.00ms]
(pass) backend local API authentication > a valid environment token wins without creating or overwriting local-token [40.00ms]
(pass) backend local API authentication > invalid environment token values fail construction without file fallback or disclosure [2.00ms]
(pass) backend local API authentication > absent environment uses Child A and a replaced authority fails closed before handler [11.00ms]
(pass) backend local API authentication > secrets readiness is private and non-sensitive before and after initialization [63.00ms]
(pass) backend local API authentication > workspace init rejects an existing non-private secrets directory without normalizing it [22.00ms]
(pass) backend local API authentication > workspace init creates secrets at exact 0700 under a permissive umask [22.00ms]
(pass) backend local API authentication > restrictive owner-bit umask fails before secrets creation [17.00ms]
(pass) backend local API authentication > setgid workspace fails before secrets creation [17.00ms]
(pass) backend local API authentication > workspace replacement before private bootstrap fails without displaced-root residue [18.00ms]
(pass) backend local API authentication > secrets symlink replacement fails without changing its outside target mode [17.00ms]
(pass) backend local API authentication > configured and presented credentials never enter 200, 401, or 500 logs and bodies [25.00ms]

::endgroup::

 185 pass
 0 fail
 5494 expect() calls
Ran 185 tests across 4 files. [234.27s]
bun test v1.2.19 (aad3abea)

::group::packages/backend/src/local-auth/local-token-store.contract.test.ts:
(pass) workspace local-token store contract > creates one frozen reusable 0600 authority under a 0700 secrets directory [20.00ms]
(pass) workspace local-token store contract > creates an absent safe workspace leaf descriptor-relatively [4.00ms]
(pass) workspace local-token store contract > accepts and exactly reuses a 4096-byte valid UTF-8 token [2.00ms]
(pass) workspace local-token store contract > every accepted token round-trips byte-for-byte through the frozen Bearer grammar [1.00ms]
(pass) workspace local-token store contract > accepts the exact visible-ASCII Header alphabet except comma [1.00ms]
(pass) workspace local-token store contract > rejects non-ByteString U+0100 before the real Header transport seam [2.00ms]
(pass) workspace local-token store contract > rejects non-ByteString emoji before the real Header transport seam [1.00ms]
(pass) workspace local-token store contract > rejects a empty token without overwriting it [1.00ms]
(pass) workspace local-token store contract > rejects a 4097-byte token without overwriting it
(pass) workspace local-token store contract > rejects a malformed UTF-8 token without overwriting it
(pass) workspace local-token store contract > rejects a space-bearing token without overwriting it
(pass) workspace local-token store contract > rejects a tab-bearing token without overwriting it [1.00ms]
(pass) workspace local-token store contract > rejects a newline-bearing token without overwriting it [1.00ms]
(pass) workspace local-token store contract > rejects a Unicode-whitespace-bearing token without overwriting it [1.00ms]
(pass) workspace local-token store contract > rejects a comma-bearing token without overwriting it [1.00ms]
(pass) workspace local-token store contract > rejects a NUL-bearing token without overwriting it [1.00ms]
(pass) workspace local-token store contract > rejects a C0-control-bearing token without overwriting it [1.00ms]
(pass) workspace local-token store contract > rejects a DEL-bearing token without overwriting it [1.00ms]
(pass) workspace local-token store contract > rejects a non-ASCII Latin-1-bearing token without overwriting it
(pass) workspace local-token store contract > restrictive owner-bit umask fails before workspace leaf bootstrap mkdir [48.00ms]
(pass) workspace local-token store contract > restrictive owner-bit umask fails before secrets bootstrap mkdir [42.00ms]
(pass) workspace local-token store contract > setgid parent cannot strand a mode-transformed workspace leaf [44.00ms]
(pass) workspace local-token store contract > setgid parent cannot strand a mode-transformed secrets [42.00ms]
(pass) workspace local-token store contract > rejects a token with non-private permissions without normalizing it [1.00ms]
(pass) workspace local-token store contract > rejects a non-private secrets directory without normalizing it
(pass) workspace local-token store contract > rejects a symlink token without reading or changing its target [1.00ms]
(pass) workspace local-token store contract > rejects a directory at the canonical token leaf [1.00ms]
(pass) workspace local-token store contract > rejects a FIFO without blocking [2.00ms]
(pass) workspace local-token store contract > rejects a hardlinked token and preserves both links [1.00ms]
(pass) workspace local-token store contract > rejects a symlinked workspace ancestor without writing outside
(pass) workspace local-token store contract > rejects an already-observable pre-adoption workspace leaf replacement after mkdir [1.00ms]
(pass) workspace local-token store contract > rejects an already-observable pre-adoption secrets replacement after mkdir [1.00ms]
(pass) workspace local-token store contract > cooperative workspace-leaf creators serialize at the final-name mkdir [67.00ms]
(pass) workspace local-token store contract > cooperative secrets creators serialize at the final-name mkdir [74.00ms]
(pass) workspace local-token store contract > restart converges after process death at the final workspace-leaf mkdir [47.00ms]
(pass) workspace local-token store contract > restart converges after process death at the final secrets mkdir [48.00ms]
(pass) workspace local-token store contract > assertCurrent rejects a same-byte replacement generation and preserves it [3.00ms]
(pass) workspace local-token store contract > assertCurrent rejects a same-inode content rewrite and preserves it [4.00ms]
(pass) workspace local-token store contract > accepts a relative workspace root and restores cwd before reproof [2.00ms]
(pass) workspace local-token store contract > assertCurrent rejects a replaced secrets directory [2.00ms]
(pass) workspace local-token store contract > assertCurrent rejects a replaced workspace root [3.00ms]
(pass) workspace local-token store contract > final authority reproof rejects and preserves a canonical replacement observable before return [3.00ms]
(pass) workspace local-token store contract > final authority reproof rejects a secrets pathname replacement observable before return [4.00ms]
(pass) workspace local-token store contract > stable failures disclose neither token bytes nor absolute paths [1.00ms]

::endgroup::

::group::packages/backend/src/local-auth/local-token-store.inventory.test.ts:
(pass) workspace local-token store inventory bounds > 1024 external entries permit initial publication and identical ordinary restart [61.00ms]
(pass) workspace local-token store inventory bounds > entry 1025 external fails before publication or destructive work [49.00ms]
(pass) workspace local-token store inventory bounds > eight recognized owned leases are admitted and recovered before publication [8.00ms]
(pass) workspace local-token store inventory bounds > the exact 1032-entry combined budget recovers before publication [59.00ms]
(pass) workspace local-token store inventory bounds > owned entry nine fails before deleting any recognized artifact [1.00ms]
(pass) workspace local-token store inventory bounds > 1024 external entries remain restartable after staged interruption [110.00ms]
(pass) workspace local-token store inventory bounds > 1024 external entries remain restartable after publishing interruption [106.00ms]
(pass) workspace local-token store inventory bounds > 1024 external entries remain restartable after rolling-back interruption [117.00ms]
(pass) workspace local-token store inventory bounds > one recovery pass performs exactly one descriptor-relative enumeration [59.00ms]
(pass) workspace local-token store inventory bounds > coverage-only: a real 255-byte UTF-8 name is accepted and counted [3.00ms]
(pass) workspace local-token store inventory bounds > the host filesystem rejects a real 256-byte filename before module publication
(pass) workspace local-token store inventory bounds > darwin dot filtering is order-independent at 1024 external plus 8 owned [62.00ms]
(pass) workspace local-token store inventory bounds > darwin repeated dot records obey a separate fixed raw-work bound [9.00ms]
(pass) workspace local-token store inventory bounds > coverage-only: darwin production decoder rejects duplicate decoded names without residue [1.00ms]
(pass) workspace local-token store inventory bounds > coverage-only: darwin production decoder rejects invalid UTF-8 without residue [1.00ms]
(pass) workspace local-token store inventory bounds > linux dot filtering is order-independent at 1024 external plus 8 owned [62.00ms]
(pass) workspace local-token store inventory bounds > linux repeated dot records obey a separate fixed raw-work bound [10.00ms]
(pass) workspace local-token store inventory bounds > coverage-only: linux production decoder rejects duplicate decoded names without residue
(pass) workspace local-token store inventory bounds > coverage-only: linux production decoder rejects invalid UTF-8 without residue [1.00ms]

::endgroup::

::group::packages/backend/src/local-auth/local-token-store.lifecycle.test.ts:
(pass) workspace local-token store descriptor lifecycle > staged open failure closes descriptors when pre-mutation lease replacement is rejected [5.00ms]
(pass) workspace local-token store descriptor lifecycle > descriptor ownership transfer remains exception-safe when close status fails [1.00ms]
(pass) workspace local-token store descriptor lifecycle > mutation lease unlock and close settle before an injected close failure escapes [161.00ms]
(pass) workspace local-token store descriptor lifecycle > staged fstat failure closes every acquired descriptor on repeated isolated attempts [5.00ms]
(pass) workspace local-token store descriptor lifecycle > ordinary staged open failure removes its observed lease without residue [2.00ms]
(pass) workspace local-token store descriptor lifecycle > lease setup failure cleans only its captured generation [2.00ms]
(pass) workspace local-token store descriptor lifecycle > lease setup rejects and preserves an already-observable pre-mutation replacement [1.00ms]
(pass) workspace local-token store descriptor lifecycle > marker setup failure cleans marker, staged generation, and lease [3.00ms]
(pass) workspace local-token store descriptor lifecycle > marker setup rejects and preserves an already-observable pre-mutation replacement [2.00ms]
(pass) workspace local-token store descriptor lifecycle > staged recovery rejects and preserves an already-observable pre-mutation replacement [54.00ms]
(pass) workspace local-token store descriptor lifecycle > candidate recovery rejects and preserves an already-observable pre-mutation replacement [47.00ms]
(pass) workspace local-token store descriptor lifecycle > two already-observable foreign generations are both preserved and fail closed [52.00ms]

::endgroup::

::group::packages/backend/src/local-auth/local-token-store.transaction.test.ts:
(pass) workspace local-token store transaction authority > a live no-clobber collision preserves the foreign canonical but fails this invocation [4.00ms]
(pass) workspace local-token store transaction authority > publishing recovery preserves a foreign canonical but fails this invocation [56.00ms]
(pass) workspace local-token store transaction authority > rolling-back recovery restores a foreign candidate but fails this invocation [57.00ms]
(pass) workspace local-token store transaction authority > rolling-back recovery preserves a foreign canonical but fails this invocation [55.00ms]
(pass) workspace local-token store transaction authority > the directory lease rejects a concurrent publisher without polling [4.00ms]
(pass) workspace local-token store transaction authority > a cross-process cooperative writer excludes the public seam without mutation [136.00ms]
(pass) workspace local-token store transaction authority > live publishing marker already-observable pre-mutation replacement is preserved and no authority returns [3.00ms]
(pass) workspace local-token store transaction authority > live lease already-observable pre-mutation replacement is preserved and no authority returns [3.00ms]
(pass) workspace local-token store transaction authority > live rolling-back marker already-observable pre-mutation replacement is preserved and no authority returns [4.00ms]
(pass) workspace local-token store transaction authority > publishing recovery rejects and preserves an already-observable pre-mutation marker replacement [52.00ms]
(pass) workspace local-token store transaction authority > restart recovers a crash after rollback marker fsync before candidate creation [57.00ms]
(pass) workspace local-token store transaction authority > rolling-back recovery rejects and preserves an already-observable pre-mutation marker replacement [55.00ms]
(pass) workspace local-token store transaction authority > pre-publish recovery rejects and preserves an already-observable pre-mutation lease replacement [45.00ms]
(pass) workspace local-token store transaction authority > live rollback preserves an already-observable pre-mutation foreign candidate and fails closed [5.00ms]
(pass) workspace local-token store transaction authority > legacy single-link residue is retired before a fresh authority is published [3.00ms]
(pass) workspace local-token store transaction authority > legacy double-link residue converges to one canonical authority [2.00ms]
(pass) workspace local-token store transaction authority > legacy cleanup rejects and preserves an already-observable pre-mutation same-name replacement [1.00ms]
(pass) workspace local-token store transaction authority > retired cleanup rejects and preserves an already-observable pre-mutation same-name replacement [1.00ms]
(pass) workspace local-token store transaction authority > synchronous workspace displacement rolls back through held descriptors [4.00ms]

::endgroup::

 94 pass
 0 fail
 400 expect() calls
Ran 94 tests across 4 files. [2.29s]
$ bun test ./packages/backend/src/ws/index.test.ts
bun test v1.2.19 (aad3abea)

::group::packages/backend/src/ws/index.test.ts:
(pass) backend ws tool.failed skeleton > builds tool.failed from sandbox-owned raw-data advisory denial evidence [20.00ms]
(pass) backend ws tool.failed skeleton > raw-data advisory builder ignores caller mutations of helper-returned evidence [6.00ms]
(pass) backend ws tool.failed skeleton > raw-data advisory builder rejects unstable envelope fields [5.00ms]
(pass) backend ws tool.failed skeleton > raw-data advisory builder rejects envelope accessors without executing them [6.00ms]
(pass) backend ws tool.failed skeleton > raw-data advisory builder rejects proxy envelopes before reading traps [5.00ms]
(pass) backend ws tool.failed skeleton > raw-data advisory builder rejects caller-authored structural payloads [2.00ms]
(pass) backend ws tool.failed skeleton > raw-data advisory builder rejects cloned trusted inputs and result-shaped clones [5.00ms]
(pass) backend ws tool.failed skeleton > generic tool.failed builder rejects raw-data denial-shaped events [3.00ms]
(pass) backend ws tool.failed skeleton > generic tool.failed builder rejects reserved decisions without raw rule authority
(pass) backend ws tool.failed skeleton > generic tool.failed builder rejects raw lifecycle rule without authority guard [1.00ms]
(pass) backend ws tool.failed skeleton > generic tool.failed builder rejects raw lifecycle rule downgraded to capability
(pass) backend ws tool.failed skeleton > generic tool.failed builder rejects raw lifecycle error_id without authority guard
(pass) backend ws tool.failed skeleton > generic tool.failed builder rejects raw lifecycle error_id downgraded to capability
(pass) backend ws tool.failed skeleton > generic tool.failed builder rejects raw lifecycle failures with authority guard
(pass) backend ws tool.failed skeleton > generic tool.failed builder rejects invalid guardClass on non-raw rules
(pass) backend ws tool.failed skeleton > generic tool.failed builder rejects spawn-profile-subset without guardClass [1.00ms]
(pass) backend ws tool.failed skeleton > generic tool.failed builder rejects spawn-profile-subset downgraded to capability
(pass) backend ws tool.failed skeleton > generic tool.failed builder rejects tool-parameter-schema-validation without guardClass
(pass) backend ws tool.failed skeleton > generic tool.failed builder rejects tool-parameter-schema-validation downgraded to capability
(pass) backend ws tool.failed skeleton > generic tool.failed builder rejects reserved non-raw error_id prefixes without authority guard
(pass) backend ws tool.failed skeleton > generic tool.failed builder rejects reserved non-raw error_id prefixes with authority guard
(pass) backend ws tool.failed skeleton > generic tool.failed builder rejects reserved non-raw authority rules with authority guard
(pass) backend ws tool.failed skeleton > generic tool.failed builder rejects reserved rule prefix impersonation
(pass) backend ws tool.failed skeleton > generic tool.failed builder rejects exact reserved rules with authority guard [1.00ms]
(pass) backend ws tool.failed skeleton > generic tool.failed builder rejects caller-minted reserved error_id prefixes with authority guard
(pass) backend ws tool.failed skeleton > generic tool.failed builder accepts non-reserved generic failures without guardClass
(pass) backend ws tool.failed skeleton > generic tool.failed builder accepts non-reserved error_id without guardClass
(pass) backend ws tool.failed skeleton > generic tool.failed builder accepts non-reserved generic failures with legal guardClass [1.00ms]
(pass) backend ws tool.failed skeleton > generic tool.failed builder rejects top-level identity accessors
(pass) backend ws tool.failed skeleton > generic tool.failed builder rejects nested error_id accessors
(pass) backend ws tool.failed skeleton > generic tool.failed builder snapshots mutable error payloads
(pass) backend ws tool.failed skeleton > generic tool.failed builder rejects toJSON identity forgery
(pass) backend ws tool.failed skeleton > generic tool.failed builder rejects reserved error IDs before cloning arrays [1.00ms]
(pass) backend ws tool.failed skeleton > generic tool.failed builder rejects reserved raw-denial error IDs

::endgroup::

 34 pass
 0 fail
 88 expect() calls
Ran 34 tests across 1 file. [572.00ms]
$ bun test ./packages/frontend/src/**/*.test.ts ./packages/frontend/src/**/*.test.tsx
bun test v1.2.19 (aad3abea)

::group::packages/frontend/src/api/index.test.ts:
(pass) authenticated frontend API client > adds the canonical Bearer credential and preserves caller headers [1.00ms]
(pass) authenticated frontend API client > preserves Request headers before applying init headers and the credential
(pass) authenticated frontend API client > accepts same-origin API string, URL, and Request inputs [1.00ms]
(pass) authenticated frontend API client > rejects non-api and cross-origin targets before invoking fetch [1.00ms]
(pass) authenticated frontend API client > reads only a valid in-memory bootstrap object
(pass) authenticated frontend API client > serializes script-sensitive token bytes without creating a second script tag [1.00ms]
(pass) authenticated frontend API client > browser runtime installs a readonly same-origin /api wrapper [1.00ms]
(pass) authenticated frontend API client > both wrappers stop native redirects before credentials can reach a non-API page [5.00ms]

::endgroup::

::group::packages/frontend/src/components/task-context-components.test.ts:
(pass) ExperimentHeader and StatusBar placeholders > render selected TaskCard id and status from shared task context [1.00ms]
(pass) ExperimentHeader and StatusBar placeholders > render stable empty task-context states

::endgroup::

::group::packages/frontend/src/pages/dashboard.test.ts:
(pass) Dashboard task page > page-local helpers parse task list and create responses [6.00ms]
(pass) Dashboard task page > renders empty state, bootstrap order, and create controls [1.00ms]
(pass) Dashboard task page > create flow posts exact payload keys and refreshes from the backend list [1.00ms]
(pass) Dashboard task page > rendered form submit script posts exact authenticated JSON and refreshes task rows [1.00ms]
(pass) Dashboard task page > rendered form submit script rejects malformed create responses without phantom rows [1.00ms]
(pass) Dashboard task page > rendered form submit script rejects invalid create status enum
(pass) Dashboard task page > rendered form submit script rejects malformed refreshed task rows [1.00ms]
(pass) Dashboard task page > rendered form submit script rejects invalid refreshed task status enum
(pass) Dashboard task page > fresh render recovers a previously created task from GET /api/tasks [1.00ms]
(pass) Dashboard task page > list failure renders Chinese-first error copy and no phantom task row
(pass) Dashboard task page > malformed list response renders an error state without phantom rows
(pass) Dashboard task page > create failure renders Chinese-first error copy and no phantom task row [1.00ms]
(pass) Dashboard task page > post-create refresh failure is not reported as create failure
(pass) Dashboard task page > post-create malformed refresh is not reported as create failure
(pass) Dashboard task page > malformed create response renders an error state without phantom rows [1.00ms]

::endgroup::

::group::packages/frontend/src/pages/workbench.test.ts:
(pass) Workbench shell > renders the browser-openable four-column workbench document [1.00ms]
(pass) Workbench shell > exposes the Workbench route skeleton without wiring Dashboard navigation
(pass) Workbench shell > keeps the desktop four-column grid contract stable

::endgroup::

 28 pass
 0 fail
 180 expect() calls
Ran 28 tests across 4 files. [536.00ms]
$ bun test ./packages/core/src/domain/schemas/core-schemas.test.ts
bun test v1.2.19 (aad3abea)

::group::packages/core/src/domain/schemas/core-schemas.test.ts:
(pass) core Zod schemas > TaskCard accepts a valid stored object and rejects missing required fields [6.00ms]
(pass) core Zod schemas > TaskCard rejects status values outside the coarse state machine
(pass) core Zod schemas > Artifact accepts a valid object, defaults llm_generated, and stays strict [2.00ms]
(pass) core Zod schemas > ErrorRecord accepts remediation and rejects invalid next_action [2.00ms]
(pass) core Zod schemas > IdempotencyRecord accepts request_digest and rejects missing required fields [1.00ms]
(pass) core Zod schemas > LockRecord accepts a valid object and rejects missing required fields
(pass) core Zod schemas > StackLock accepts the complete four-repository record and rejects deprecated shapes [3.00ms]
(pass) core Zod schemas > DataProvenance accepts object windows and hashed sources while rejecting legacy inputs [3.00ms]
(pass) core Zod schemas > ArtifactManifest requires complete Artifact records and canonical manifest ids [2.00ms]

::endgroup::

 9 pass
 0 fail
 58 expect() calls
Ran 9 tests across 1 file. [66.00ms]
$ bun test ./packages/core/src/domain/services/*.test.ts
bun test v1.2.19 (aad3abea)

::group::packages/core/src/domain/services/failure-occurrence-ledger.test.ts:
(pass) failure occurrence ledger > preserves equal primitives and reused Error identities as physical occurrences [5.00ms]
(pass) failure occurrence ledger > freshly observes mutable nested causes and accessors on every independent fold [1.00ms]
(pass) failure occurrence ledger > isolates sequential, concurrent, and getter-reentrant reuse of one raw Error [1.00ms]
(pass) failure occurrence ledger > round-trips exact nullish and custom-branded semantic primaries [1.00ms]
(pass) failure occurrence ledger > keeps adopted history chronological and imports every occurrence once [1.00ms]
(pass) failure occurrence ledger > Phase 6.2 observes nested carrier edges without incidental adoption [1.00ms]
(pass) failure occurrence ledger > freshly observes a nested Proxy carrier once per fold and terminates cyclic graphs
(pass) failure occurrence ledger > enforces the node budget exactly at N-1, N, and N+1 [47.00ms]
(pass) failure occurrence ledger > enforces the edge budget exactly at N-1, N, and N+1 [49.00ms]
(pass) failure occurrence ledger > Phase 6.2 records edge and numeric-key budget exhaustion independently [14.00ms]
(pass) failure occurrence ledger > enumerates present numeric keys of a maximum-length sparse errors array
(pass) failure occurrence ledger > bounds a 25K cause chain and records accessor and Proxy failures without RangeError [19.00ms]
(pass) failure occurrence ledger > bounds deceptive numeric keys and terminates a failed array-brand path [31.00ms]
(pass) failure occurrence ledger > bounds cyclic and fresh-per-hop prototype work and observes aliases once [17.00ms]
(pass) failure occurrence ledger > projects only an exact trusted TaskServiceError primary [3.00ms]
(pass) failure occurrence ledger > carries trusted typed classification through carrier adoption without touching the controlled Proxy
(pass) failure occurrence ledger > adopts a generic carrier into both typed adapters without reclassifying its controlled Proxy [1.00ms]
(pass) failure occurrence ledger > adopts a generic carrier with one failed Proxy observation without retrying it in either typed adapter
(pass) failure occurrence ledger > captures physical body, release, and settlement phases at the shared helper [2.00ms]
(pass) failure occurrence ledger > fails closed before publication for mismatched, duplicate, stale, and reordered occurrences [1.00ms]
(pass) failure occurrence ledger > enforces the centralized phase-role grammar transactionally
(pass) failure occurrence ledger > validates adopted physical history before claiming a fresh phase [1.00ms]
(pass) failure occurrence ledger > snapshots a hostile fold vector exactly once before claim
(pass) failure occurrence ledger > resolves and executes primary classification before claiming entries [1.00ms]
(pass) failure occurrence ledger > counts reordered canonical numeric keys rather than returned-key positions [131.00ms]
(pass) failure occurrence ledger > reads exact trusted fold-entry values without a parallel raw-value channel
(pass) failure occurrence ledger > records controlled-work exhaustion without fabricating an unclassified numeric overflow [31.00ms]
(pass) failure occurrence ledger > stops a 65,536-key Proxy after the first N numeric keys and one witness [54.00ms]
(pass) failure occurrence ledger > reuses one immutable errors-container snapshot across aliasing parents [1.00ms]
(pass) failure occurrence ledger > caches failed errors-container classification once per fold for every alias [3.00ms]
(pass) failure occurrence ledger > replays one cached edge after its shared descriptor revokes the errors container [1.00ms]
(pass) failure occurrence ledger > keeps maximum absent descriptor snapshots compact across maximum parent fanout [28.00ms]
(pass) failure occurrence ledger > records shared errors-container overflow evidence once [13.00ms]
(pass) failure occurrence ledger > retains the exact semantic primary Error beyond the public node budget [24.00ms]
(pass) failure occurrence ledger > records known numeric overflow before a preoccupied semantic edge exhausts the edge budget [16.00ms]
(pass) failure occurrence ledger > stops classification at a known numeric overflow before a nonnumeric tail [46.00ms]
(pass) failure occurrence ledger > does not fabricate edge exhaustion when the omitted reverse/interleaved overflow descriptor is absent [39.00ms]

::endgroup::

::group::packages/core/src/domain/services/hashing-service.test.ts:
(pass) hashing service > services barrel exposes only the fixed public hashing API and production has no test hooks [17.00ms]
(pass) hashing service > hashFile matches independent sha256 oracles for known, empty, and multi-chunk bytes [11.00ms]
(pass) hashing service > hashDirectory implements the exact canonical line protocol independent of creation order [23.00ms]
(pass) hashing service > hashDirectory supports the workspace boundary root by relative and absolute path [11.00ms]
(pass) hashing service > hashDirectory supports an exact allowed read-only boundary root [9.00ms]
(pass) hashing service > hashDirectory preserves root sibling names that differ only by a leading BOM [14.00ms]
(pass) hashing service > hashDirectory preserves nested directory names that differ only by a leading BOM [21.00ms]
(pass) hashing service > hashDirectory rejects the exact LF-path collision while preserving the canonical oracle [8.00ms]
(pass) hashing service > hashDirectory rejects LF in a nested relative-path segment [2.00ms]
(pass) hashing service > hashDirectory changes for added files, changed bytes, and renamed canonical paths [22.00ms]
(pass) hashing service > read-only boundaries are accepted while missing, outside, and traversal paths fail closed [2.00ms]
(pass) hashing service > wrong root types and directories without regular files fail with path-safety errors [3.00ms]
(pass) hashing service > root, leaf, ancestor, nested, and broken symlinks are never accepted [3.00ms]
(pass) hashing service > FIFO and socket entries are rejected within a bounded interval before blocking reads [103.00ms]
(pass) hashing service > post-first-chunk truncation fails closed without returning a partial digest [53.00ms]
(pass) hashing service > active sparse appender cannot extend hashing beyond the initially opened size [140.00ms]
(pass) hashing service > LF and synthetic duplicate entries reject before affected inode reads [97.00ms]
(pass) hashing service > root and nested directory substitution never enumerate symlink targets [199.01ms]
(pass) hashing service > ancestor and leaf substitution never read replacement file bytes [186.00ms]

::endgroup::

::group::packages/core/src/domain/services/idempotency-lock-artifact-services.test.ts:
(pass) idempotency, lock, and artifact services > package root exposes production path-safety APIs without local test hooks [1918.05ms]
(pass) idempotency, lock, and artifact services > IdempotencyRecord store/get/replay uses safe deterministic direct paths [151.00ms]
(pass) idempotency, lock, and artifact services > mutable create and update hold shared authority against reads and conditional deletes [43.00ms]
(pass) idempotency, lock, and artifact services > mutable generation is private from creation and exact immediately before commit [8.00ms]
(pass) idempotency, lock, and artifact services > mutable close failures prove fallback close and reject before create or update commit [41.00ms]
(pass) idempotency, lock, and artifact services > mutable create and update retain an undefined primary and clean exactly once [19.00ms]
(pass) idempotency, lock, and artifact services > undefined mutable primary precedes later close compensation without false success [6.00ms]
(pass) idempotency, lock, and artifact services > hardlink and close slots retain undefined failures while terminal namespace cleanup settles [47.00ms]
(pass) idempotency, lock, and artifact services > mutable replacement and same-length drift preserve the old generation and cleanly retry [78.00ms]
(pass) idempotency, lock, and artifact services > mutable compensation preserves a frozen custom error contract and aggregates once [12.00ms]
(pass) idempotency, lock, and artifact services > mutable and hardlink close compensation remains flat through later cleanup failure [97.00ms]
(pass) idempotency, lock, and artifact services > publication compensation retains an undefined cleanup failure on a frozen primary [6.00ms]
(pass) idempotency, lock, and artifact services > mutable final precommit rejects private mode drift and cleanly retries [128.00ms]
(pass) idempotency, lock, and artifact services > mutable private generations and namespaces reject every special bit at written and closed boundaries [818.02ms]
(pass) idempotency, lock, and artifact services > mutable final precommit rejects namespace and parent rebind without touching external physical state [61.00ms]
(pass) idempotency, lock, and artifact services > mutable authority binds create and update to the pre-hook physical record directory [30.00ms]
(pass) idempotency, lock, and artifact services > hardlink afterAuthorityLeaseAcquired rejects direct parent replacement before namespace creation [10.00ms]
(pass) idempotency, lock, and artifact services > beforeAuthorityNamespaceCreation rejects direct parent replacement without a transient canonical [16.00ms]
(pass) idempotency, lock, and artifact services > cleanup-permit delete afterAuthorityLeaseAcquired rejects direct parent and canonical rebinds [27.00ms]
(pass) idempotency, lock, and artifact services > read and ordinary delete retain pre-hook parent and canonical authority [54.00ms]
(pass) idempotency, lock, and artifact services > read final authority proof covers synchronous schema evaluation [7.00ms]
(pass) idempotency, lock, and artifact services > read schema exits reject parent authority drift with a preserved canonical generation [59.00ms]
(pass) idempotency, lock, and artifact services > read failed schema exits reject a replaced canonical leaf [20.00ms]
(pass) idempotency, lock, and artifact services > read schema exits preserve validation and exact thrown-error semantics without drift [14.00ms]
(pass) idempotency, lock, and artifact services > durable observations reject direct filesystem replacement before semantic callbacks [37.00ms]
(pass) idempotency, lock, and artifact services > authority-mutating callback failures cannot skip durable-observation proof [104.00ms]
(pass) idempotency, lock, and artifact services > no-drift authority-mutating callback failures preserve exact marker provenance [9.00ms]
(pass) idempotency, lock, and artifact services > sibling authority callbacks prove throw-path drift before any mutation syscall [23.00ms]
(pass) idempotency, lock, and artifact services > conditional-delete callback throw still proves parent authority on ordinary and permit paths [32.00ms]
(pass) idempotency, lock, and artifact services > invalid durable observation replacement is proof drift for direct and ordinary paths [65.00ms]
(pass) idempotency, lock, and artifact services > ordinary canonical baselines reject FIFO and socket entries without blocking or mutation [29.00ms]
(pass) idempotency, lock, and artifact services > durable parent validators reject callback-time FIFO and socket replacements bounded [34.00ms]
(pass) idempotency, lock, and artifact services > ordinary and cleanup-permit callback proofs reject special replacements bounded [172.00ms]
(pass) idempotency, lock, and artifact services > namespace and pre-isolation proofs reject special public replacements bounded [245.01ms]
(pass) idempotency, lock, and artifact services > post-isolation cleanup and rollback proofs reject special replacements bounded [265.01ms]
(pass) idempotency, lock, and artifact services > cleanup permits reject invalid generations before durable-observation callbacks [19.00ms]
(pass) idempotency, lock, and artifact services > filesystem-shaped callback errors remain semantic and never become syscall status [21.00ms]

::error file=packages/core/src/domain/services/idempotency-lock-artifact-services.test.ts,line=3105,col=9,title=error: expect(received).toEqual(expected)::  {%0A+   status: "condition_not_met",%0A-   status: "deleted",%0A  }%0A%0A- Expected  - 1%0A+ Received  + 1%0A%0A      at <anonymous> (/home/runner/work/SHUD-Harness/SHUD-Harness/packages/core/src/domain/services/idempotency-lock-artifact-services.test.ts:3105:9)
3100 |         await conditionalDeleteJsonRecord(path, evidenceRef, fixture.schema, {
3101 |           kind: "record",
3102 |           expected: fixture.record,
3103 |           matches: (current, expected) => JSON.stringify(current) === JSON.stringify(expected)
3104 |         })
3105 |       ).toEqual({ status: "deleted" });
               ^
error: expect(received).toEqual(expected)

  {
+   status: "condition_not_met",
-   status: "deleted",
  }

- Expected  - 1
+ Received  + 1

      at <anonymous> (/home/runner/work/SHUD-Harness/SHUD-Harness/packages/core/src/domain/services/idempotency-lock-artifact-services.test.ts:3105:9)
(fail) idempotency, lock, and artifact services > legacy ordinary 0644 records normalize through their descriptor before deletion [17.00ms]

::error file=packages/core/src/domain/services/idempotency-lock-artifact-services.test.ts,line=3139,col=78,title=error: expect(received).toEqual(expected)::  {%0A    artifact_id: "ART-0001",%0A    created_at: "2026-07-07T13:00:00.000Z",%0A    created_by: "agent",%0A    evidence_usable: false,%0A+   llm_generated: false,%0A    media_type: "text/markdown",%0A    path: "artifacts/reports/TASK-0001/report.md",%0A    redaction_status: "not_needed",%0A    retention_class: "debug",%0A    source_refs: [],%0A    task_id: "TASK-0001",%0A    type: "report_markdown",%0A  }%0A%0A- Expected  - 0%0A+ Received  + 1%0A%0A      at <anonymous> (/home/runner/work/SHUD-Harness/SHUD-Harness/packages/core/src/domain/services/idempotency-lock-artifact-services.test.ts:3139:78)
3134 |         const evidenceRef = `legacy.umask.${mask.toString(8)}.${fixture.consumer}`;
3135 |         const before = await readOwnedFileState(file.path);
3136 |         expect(before.mode & 0o7777n).toBe(BigInt(0o666 & ~mask));
3137 |         expect(before.bytes).toEqual(file.bytes);
3138 |         expect(before.nlink).toBe(1n);
3139 |         expect(await readJsonRecord(file.path, evidenceRef, fixture.schema)).toEqual(fixture.record);
                                                                                    ^
error: expect(received).toEqual(expected)

  {
    artifact_id: "ART-0001",
    created_at: "2026-07-07T13:00:00.000Z",
    created_by: "agent",
    evidence_usable: false,
+   llm_generated: false,
    media_type: "text/markdown",
    path: "artifacts/reports/TASK-0001/report.md",
    redaction_status: "not_needed",
    retention_class: "debug",
    source_refs: [],
    task_id: "TASK-0001",
    type: "report_markdown",
  }

- Expected  - 0
+ Received  + 1

      at <anonymous> (/home/runner/work/SHUD-Harness/SHUD-Harness/packages/core/src/domain/services/idempotency-lock-artifact-services.test.ts:3139:78)
(fail) idempotency, lock, and artifact services > base-writer umask generations remain safely deletable across every ordinary consumer [40.00ms]
(pass) idempotency, lock, and artifact services > legacy mode admission rejects impossible bits, hardlinks, and callback-time mode drift [58.00ms]
(pass) idempotency, lock, and artifact services > legacy mode remains public-transactional through every isolation boundary [425.01ms]
(pass) idempotency, lock, and artifact services > legacy rollback removes exact normalized hardlink sources without restoring alias mode [51.00ms]
(pass) idempotency, lock, and artifact services > legacy rollback cleanup accepts an exact admitted original-mode hardlink state [15.00ms]
(pass) idempotency, lock, and artifact services > legacy rollback mode restoration never chmods a replacement generation [26.00ms]
(pass) idempotency, lock, and artifact services > conditional-delete schema and condition callbacks share one admitted authority epoch [129.00ms]
(pass) idempotency, lock, and artifact services > conditional-delete callbacks preserve no-drift results and thrown identities [132.00ms]
(pass) idempotency, lock, and artifact services > ordinary conditional delete treats ENOENT and ENOTDIR parents as missing without callbacks or namespaces [4.00ms]
(pass) idempotency, lock, and artifact services > mutable canonical baseline rejects lease-hook and final-precommit destination drift [103.00ms]
(pass) idempotency, lock, and artifact services > lifecycle publication settles its owned namespace after committed-baseline failure [87.00ms]
(pass) idempotency, lock, and artifact services > ordinary mutable create keeps its committed canonical after committed-baseline failure [20.00ms]
(pass) idempotency, lock, and artifact services > ordinary mutable update keeps its committed revision after committed-baseline failure [27.00ms]
(pass) idempotency, lock, and artifact services > getter-backed committed-baseline hooks preserve their receiver and commit order [37.00ms]
(pass) idempotency, lock, and artifact services > mutable and shared temporary cleanup reject move-plus-symlink namespace rebound [43.00ms]
(pass) idempotency, lock, and artifact services > shared temporary cleanup preserves mode and additional-hardlink drift [61.00ms]
(pass) idempotency, lock, and artifact services > early write and namespace-removal failures preserve foreign namespace replacements [114.00ms]
(pass) idempotency, lock, and artifact services > postcommit namespace ownership mismatch reports committed cleanup and preserves replacement state [23.00ms]
(pass) idempotency, lock, and artifact services > mutable create and repeated updates terminal-clean exact empty namespaces after hook failures [208.00ms]
(pass) idempotency, lock, and artifact services > terminal mutable namespace rmdir failure is explicit after commit and retry is repairable [24.00ms]
(pass) idempotency, lock, and artifact services > compensation preservation safely exposes aggregate cause for every cause descriptor kind [1.00ms]
(pass) idempotency, lock, and artifact services > compensation preservation keeps private and WeakMap Error brands on the original object [1.00ms]
(pass) idempotency, lock, and artifact services > mutable and hardlink compensation preserve branded Error identity and behavior [12.00ms]
(pass) idempotency, lock, and artifact services > compensation preservation retains every undefined and falsy slot in order [1.00ms]
(pass) idempotency, lock, and artifact services > compensation preservation flattens only helper-owned envelopes by provenance [1.00ms]
(pass) idempotency, lock, and artifact services > compensation preservation flattens repeated sibling helper envelopes in exact slot order
(pass) idempotency, lock, and artifact services > compensation preservation bounds genuine provenance cycles with an explicit marker [1.00ms]
(pass) idempotency, lock, and artifact services > workspace publication flattens repeated helper compensation slots [7.00ms]
(pass) idempotency, lock, and artifact services > compensation preservation observes positively branded Proxy Error traps without replacing the primary [1.00ms]
(pass) idempotency, lock, and artifact services > mutable compensation keeps positively branded Proxy Error failures ordered before cleanup [19.00ms]
(pass) idempotency, lock, and artifact services > indeterminate Proxy brands stay represented raw values across helper, publication, and delete [18.00ms]

::error file=packages/core/src/domain/services/idempotency-lock-artifact-services.test.ts,line=5867,col=27,title=error: expect(received).toEqual(expected)::  {%0A    artifact_id: "ART-0001",%0A    created_at: "2026-07-07T13:00:00.000Z",%0A    created_by: "agent",%0A    evidence_usable: false,%0A+   llm_generated: false,%0A    media_type: "text/markdown",%0A    path: "artifacts/reports/TASK-0001/report.md",%0A    redaction_status: "not_needed",%0A    retention_class: "debug",%0A    source_refs: [],%0A    task_id: "TASK-0001",%0A    type: "report_markdown",%0A  }%0A%0A- Expected  - 0%0A+ Received  + 1%0A%0A      at <anonymous> (/home/runner/work/SHUD-Harness/SHUD-Harness/packages/core/src/domain/services/idempotency-lock-artifact-services.test.ts:5867:27)
5862 |     const [ownerArtifact, followerArtifact] = await Promise.all([owner, follower]);
5863 |     const replayedArtifact = await ownerService.registerArtifact({
5864 |       ...artifact
5865 |     });
5866 | 
5867 |     expect(ownerArtifact).toEqual(artifact);
                                 ^
error: expect(received).toEqual(expected)

  {
    artifact_id: "ART-0001",
    created_at: "2026-07-07T13:00:00.000Z",
    created_by: "agent",
    evidence_usable: false,
+   llm_generated: false,
    media_type: "text/markdown",
    path: "artifacts/reports/TASK-0001/report.md",
    redaction_status: "not_needed",
    retention_class: "debug",
    source_refs: [],
    task_id: "TASK-0001",
    type: "report_markdown",
  }

- Expected  - 0
+ Received  + 1

      at <anonymous> (/home/runner/work/SHUD-Harness/SHUD-Harness/packages/core/src/domain/services/idempotency-lock-artifact-services.test.ts:5867:27)
(fail) idempotency, lock, and artifact services > Artifact duplicate registration converges across the owned publication window [19.00ms]
(skip) idempotency, lock, and artifact services > physical authority identity converges across filesystem case aliases and isolates workspaces
(skip) idempotency, lock, and artifact services > missing ASCII record leaf case aliases share authority before creation
(skip) idempotency, lock, and artifact services > retained cleanup permits bound cumulative case aliases and recover after terminal admission
(pass) idempotency, lock, and artifact services > coexisting case-sensitive leaves keep distinct authority and reject cross-path permits [26.00ms]
(pass) idempotency, lock, and artifact services > numeric-only filesystem boundaries fail closed when case semantics are unavailable [2.00ms]
(pass) idempotency, lock, and artifact services > missing Unicode case and normalization aliases converge conservatively [3.00ms]
(skip) idempotency, lock, and artifact services > normalization aliases converge on a visible case-insensitive workspace
(skip) idempotency, lock, and artifact services > sigma and final-sigma aliases converge on a visible case-insensitive workspace
(skip) idempotency, lock, and artifact services > sharp-s and SS aliases converge on a visible case-insensitive workspace
(pass) idempotency, lock, and artifact services > normalization aliases stay distinct on a supporting case-sensitive workspace [3.00ms]
(pass) idempotency, lock, and artifact services > sigma and final-sigma aliases stay distinct on a supporting case-sensitive workspace [1.00ms]
(pass) idempotency, lock, and artifact services > sharp-s and SS aliases stay distinct on a supporting case-sensitive workspace [1.00ms]
(pass) idempotency, lock, and artifact services > bigint device boundary comparison preserves adjacent unsafe integer identities
(pass) idempotency, lock, and artifact services > device-bounded case aliases preserve exact mount prefixes and fold only within each device
(pass) idempotency, lock, and artifact services > same-path followers retain missing-to-existing authority through publication [18.00ms]
(pass) idempotency, lock, and artifact services > same-path reader retains authority while conditional delete isolates the generation [13.00ms]
(pass) idempotency, lock, and artifact services > cleanup-permit deletion keeps namespace and pre-rename failures pre-mutation [52.00ms]
(pass) idempotency, lock, and artifact services > conditional delete preserves non-owner public replacements before isolation [65.00ms]
(pass) idempotency, lock, and artifact services > cleanup-permit deletion marks failures after canonical isolation post-mutation [21.00ms]
(pass) idempotency, lock, and artifact services > physical canonical paths preserve existing spelling across follower restart windows [15.00ms]
(pass) idempotency, lock, and artifact services > filesystem case-semantics hook failures preserve identity without race retries [5.00ms]
(pass) idempotency, lock, and artifact services > ordinary record admission restarts authority observation when an existing leaf disappears [21.00ms]
(pass) idempotency, lock, and artifact services > ordinary record admission restarts authority observation when a missing leaf appears [3.00ms]
(pass) idempotency, lock, and artifact services > cleanup permit authority races fail structurally and release terminal admission state [18.00ms]
(pass) idempotency, lock, and artifact services > same-path authority admission is bounded before temp creation and hands off FIFO [257.01ms]
(pass) idempotency, lock, and artifact services > oversized generic records keep private provenance and the public record error [7.00ms]
(pass) idempotency, lock, and artifact services > conditional delete serializes readers and immediate recreation without transient read errors [20.00ms]
(pass) idempotency, lock, and artifact services > conditional delete preserves pre-isolation replacement generations [31.00ms]
(pass) idempotency, lock, and artifact services > conditional delete quarantines unproven same-inode byte mutations for valid and malformed records [41.00ms]
(pass) idempotency, lock, and artifact services > hardlink producer generation exists only inside its fresh private namespace [6.00ms]
(pass) idempotency, lock, and artifact services > cleanup permits cancel atomically on identity and contention hook failures [25.00ms]
(pass) idempotency, lock, and artifact services > one cleanup permit admits exactly one concurrent consumer in free and contended lanes [41.00ms]
(pass) idempotency, lock, and artifact services > ordinary deletion terminally settles transferred permits without leaking capacity [18108.43ms]
(pass) idempotency, lock, and artifact services > 1,025 mutable namespace lifecycles retire exact bindings to the durable upper bound [5242.11ms]
(pass) idempotency, lock, and artifact services > 1,025 same-path workspace teardown generations release every directory binding holder [787.02ms]
(pass) idempotency, lock, and artifact services > 1,025 distinct-workspace teardowns release every directory binding holder [816.02ms]
(pass) idempotency, lock, and artifact services > ordinary deletion settles only the permit bound to the deleted generation [21.00ms]
(pass) idempotency, lock, and artifact services > cleanup permit rejects an uncontended identity delay after its inherited deadline before mutation [262.01ms]
(pass) idempotency, lock, and artifact services > authority path capacity is bounded, retryable, and released after holders finish [309.01ms]
(pass) idempotency, lock, and artifact services > ordinary pre-identity admission is globally bounded and retains timed-out slots until identity settles [1365.03ms]
(pass) idempotency, lock, and artifact services > cleanup permit global capacity reports the structured retryable authority error [9366.20ms]
(pass) idempotency, lock, and artifact services > cleanup permit pins its accepted generation and rejects an external unlink replacement [10.00ms]
(pass) idempotency, lock, and artifact services > claimed cleanup identity placeholders release capacity at terminal timeout [8382.18ms]
(pass) idempotency, lock, and artifact services > authority acquisition keeps one total five-second deadline across queued holder churn [5008.11ms]
(pass) idempotency, lock, and artifact services > expired ordinary waiter is rejected at handoff before its operation and the queue converges [41.00ms]
(pass) idempotency, lock, and artifact services > expired cleanup waiter is rejected at handoff before mutation and the queue converges [43.00ms]
(pass) idempotency, lock, and artifact services > ordinary then cleanup waiters acquire in one cross-class FIFO order [17.00ms]
(pass) idempotency, lock, and artifact services > cleanup then ordinary waiters acquire in one cross-class FIFO order [15.00ms]
(pass) idempotency, lock, and artifact services > async contention resolution keeps ordinary publication and cleanup waiters unready [53.00ms]
(pass) idempotency, lock, and artifact services > async contention rejection is observed and settles ordinary and cleanup resources exactly [42.00ms]
(pass) idempotency, lock, and artifact services > cancelled unready ordinary heads immediately continue exact cross-class FIFO handoff [356.01ms]
(pass) idempotency, lock, and artifact services > cleanup timeout settles descriptor, capacity, mutex, and late callback exactly once [245.00ms]
(pass) idempotency, lock, and artifact services > paused record surfaces accept trusted nested-directory mutation on the retained parent lease [198.00ms]
(pass) idempotency, lock, and artifact services > staggered same-child missing observers retain cohort trust through the final participant [16.00ms]
(pass) idempotency, lock, and artifact services > a failed pending participant releases the published cohort child once after its peer succeeds [11.00ms]
(pass) idempotency, lock, and artifact services > all precreation participant failures retire the cohort before a repaired write [11.00ms]
(pass) idempotency, lock, and artifact services > overlapping internal creation of the same durable child converges under one parent epoch [14.00ms]
(pass) idempotency, lock, and artifact services > unexplained external durable-child creation and replacement fail closed [6.00ms]
(pass) idempotency, lock, and artifact services > direct external sibling drift fails closed across record entrypoints and repaired retries [182.00ms]
(pass) idempotency, lock, and artifact services > direct external sibling drift fails closed in rollback and restoration callbacks [141.00ms]
(pass) idempotency, lock, and artifact services > same dev/ino recreation cannot evict an active binding before exact release [32.00ms]
(pass) idempotency, lock, and artifact services > async contention parent ABA rejects before ordinary publication or cleanup mutation [28.00ms]
(pass) idempotency, lock, and artifact services > async contention pathname drift preserves foreign generations and cancels both lanes [21.00ms]
(pass) idempotency, lock, and artifact services > same-inode parent ABA fails closed at shared lease checkpoints across record surfaces [64.00ms]
(pass) idempotency, lock, and artifact services > same-inode parent ABA invalidates sibling callers sharing one authority root [21.00ms]
(pass) idempotency, lock, and artifact services > same-inode parent ABA fails before namespace creation [15.00ms]
(pass) idempotency, lock, and artifact services > same-inode parent ABA remains explicit after committed namespace cleanup [26.00ms]
(pass) idempotency, lock, and artifact services > same-inode parent ABA is detected before exact hardlink publication rollback [30.00ms]
(pass) idempotency, lock, and artifact services > same-inode parent ABA during restoration retains both proven links until repaired retry [29.00ms]
(pass) idempotency, lock, and artifact services > queued cleanup rejects a same-content replacement generation before mutation and releases its lane [17.00ms]
(pass) idempotency, lock, and artifact services > cleanup identity placeholders retain their exact FIFO position on free and contended lanes [28.00ms]
(pass) idempotency, lock, and artifact services > failed cleanup identity placeholder hands the retained lane to its next waiter [15.00ms]
(pass) idempotency, lock, and artifact services > expired ordinary ahead of cleanup is cancelled and cross-class handoff converges [44.00ms]
(pass) idempotency, lock, and artifact services > first-attempt pre-unlink namespace replacement preserves foreign and owned generations [27.00ms]
(pass) idempotency, lock, and artifact services > namespace-removal hook ENOENT is settled by terminal cleanup without false failure [21.00ms]
(pass) idempotency, lock, and artifact services > transient publication temp unlink failure retries to a single-link canonical record [13.00ms]
(pass) idempotency, lock, and artifact services > successful hardlink publication closes its producer descriptor and transfers one cleanup permit [14.00ms]
(pass) idempotency, lock, and artifact services > cleanup permit ownership survives both compensation-state inspection failures [32.00ms]
(pass) idempotency, lock, and artifact services > repeated distinct-path compensation inspection failures retain global permit capacity [33.00ms]
(pass) idempotency, lock, and artifact services > conditional delete keeps unproven post-isolation generations private [127.00ms]
(pass) idempotency, lock, and artifact services > partial owned temporary writes preserve compensation errors and only restore the proven generation [59.00ms]
(pass) idempotency, lock, and artifact services > conditional delete keeps its post-isolation primary while inspection fails and restoration continues [39.00ms]
(pass) idempotency, lock, and artifact services > restore source and unsafe-rollback callbacks cannot outrun exact proof at any site [592.01ms]
(pass) idempotency, lock, and artifact services > isolated generation restore retries source unlink and rolls back only its exact public link [84.00ms]
(pass) idempotency, lock, and artifact services > post-link proof failure rolls back its owned link and retries restoration without residue [30.00ms]
(pass) idempotency, lock, and artifact services > all restore call sites share post-link rollback and repaired retry cleanup [164.00ms]
(pass) idempotency, lock, and artifact services > post-link rollback preserves foreign public and namespace replacements [47.00ms]
(pass) idempotency, lock, and artifact services > first restore commit proof rolls back a displaced public link exactly once [25.00ms]
(pass) idempotency, lock, and artifact services > restore rejects a remove-and-relink of the exact isolated inode before source commit [22.00ms]
(pass) idempotency, lock, and artifact services > public rollback parent drift fails before unlink and retains the isolated source at every restore site [213.00ms]
(pass) idempotency, lock, and artifact services > post-source observer and validation failures retain the committed public generation [38.00ms]
(pass) idempotency, lock, and artifact services > all restore sites retain canonical and alias links after direct post-source hardlink drift [111.00ms]
(pass) idempotency, lock, and artifact services > beforeOwnedPathIsolation revalidates direct parent and namespace rebinds at every shared site [293.01ms]
(pass) idempotency, lock, and artifact services > all post-isolation sites and restore source unlink reject namespace symlink rebound [146.00ms]
(pass) idempotency, lock, and artifact services > all restore sites reject nonthrowing shared-inode mutation and preserve public replacements [207.00ms]
(pass) idempotency, lock, and artifact services > restore source cleanup preserves generations with mode or hardlink drift [45.00ms]
(pass) idempotency, lock, and artifact services > pre-isolation external hardlinks fail closed across every cleanup site without owned residue [120.00ms]
(pass) idempotency, lock, and artifact services > all restore sites remove residual private sources when an external hardlink appears after isolation [119.00ms]
(pass) idempotency, lock, and artifact services > published rollback restores only its exact isolated generation after inspection failure [22.00ms]
(pass) idempotency, lock, and artifact services > temporary-generation compensation fails closed on an unproven isolated generation [55.00ms]
(pass) idempotency, lock, and artifact services > repeated post-isolation delete failures release path and global admission capacity [1413.03ms]
(pass) idempotency, lock, and artifact services > hardlink hook checkpoints reject parent and namespace rebound before publication [23.00ms]
(pass) idempotency, lock, and artifact services > after-link parent and canonical rebound preserves replacement trees without unsafe rollback [11.00ms]
(pass) idempotency, lock, and artifact services > hardlink final acceptance retains the original generation mode checkpoint [13.00ms]
(pass) idempotency, lock, and artifact services > hardlink, shared cleanup, and conditional delete reject all generation special bits [407.01ms]
(pass) idempotency, lock, and artifact services > rollback and restore namespace checkpoints reject all special bits and preserve primary causes [196.00ms]
(pass) idempotency, lock, and artifact services > conditional-delete hook checkpoints retain admitted parents for ordinary and permit paths [50.00ms]
(pass) idempotency, lock, and artifact services > post-link failures roll back the exact claim and permit an immediate clean retry [42.00ms]
(pass) idempotency, lock, and artifact services > repeated pre-close failures still close every descriptor and remove owned residue [72.00ms]
(pass) idempotency, lock, and artifact services > final-validator branded identity remains semantic primary through publication compensation [7.00ms]
(pass) idempotency, lock, and artifact services > publication callback wrappers preserve exact no-drift branded and filesystem errors [38.00ms]
(pass) idempotency, lock, and artifact services > publication callback mutation plus throw keeps proof drift primary [22.00ms]
(pass) idempotency, lock, and artifact services > mutable callers prove committed canonical authority after namespace-removal hooks [433.01ms]
(pass) idempotency, lock, and artifact services > delete callers prove terminal canonical authority after namespace-removal hooks [768.02ms]
(pass) idempotency, lock, and artifact services > final hardlink acceptance rejects same-length inode mutation through a pre-opened descriptor [25.00ms]
(pass) idempotency, lock, and artifact services > durable single-link observation binds bytes, identity, links, size, and mutation metadata [1.00ms]
(pass) idempotency, lock, and artifact services > durable final parent validation rejects a live leaf replacement before return [1.00ms]
(pass) idempotency, lock, and artifact services > publication final parent validation preserves a replacement and returns no permit [10.00ms]
(pass) idempotency, lock, and artifact services > hardlink rollback preserves non-owner public replacements without private residue [19.00ms]
(pass) idempotency, lock, and artifact services > owned physical identities compare exactly above Number.MAX_SAFE_INTEGER
(pass) idempotency, lock, and artifact services > hardlink temp cleanup rejects an identical-byte canonical replacement without transferring its permit [15.00ms]
(pass) idempotency, lock, and artifact services > temp cleanup removes a mutated owned inode, rolls back canonical, and permits retry [32.00ms]
(pass) idempotency, lock, and artifact services > generation unlink retries known-empty namespace cleanup and preserves bounded cleanup failures [57.00ms]
(pass) idempotency, lock, and artifact services > project-owned temp cleanup uses the open-file identity and preserves an outside hardlink [22.00ms]
(pass) idempotency, lock, and artifact services > persistent publication temp unlink failure fails closed without deleting aliases [15.00ms]
(pass) idempotency, lock, and artifact services > IdempotencyRecord completeRecord rejects a missing record without writing files [4.00ms]
(pass) idempotency, lock, and artifact services > IdempotencyRecord beginRecord preserves started, mismatch, and completed states [61.00ms]
(pass) idempotency, lock, and artifact services > IdempotencyRecord failed same-digest beginRecord reacquires while different digest mismatches [94.00ms]
(pass) idempotency, lock, and artifact services > IdempotencyRecord failed retry acquisition is atomic across service instances [113.00ms]
(pass) idempotency, lock, and artifact services > IdempotencyRecord concurrent divergent completions converge without overwrite [74.00ms]
(pass) idempotency, lock, and artifact services > IdempotencyRecord storeRecord cannot overwrite completed result_ref [56.00ms]
(pass) idempotency, lock, and artifact services > IdempotencyRecord exact completed invalidation removes result_ref and permits reacquisition [123.00ms]
(pass) idempotency, lock, and artifact services > IdempotencyRecord completed invalidation durably quarantines pre-write and post-release failures [228.00ms]
(pass) idempotency, lock, and artifact services > IdempotencyRecord invalidation preserves ordered write failures before independent quarantine [143.00ms]
(pass) idempotency, lock, and artifact services > IdempotencyRecord failed invalidation retains an exact private fail-intent guard [86.00ms]
(pass) idempotency, lock, and artifact services > Phase 6.2 generation-bound fail-intent recovery preserves an exact undefined writer rejection [43.00ms]
(pass) idempotency, lock, and artifact services > IdempotencyRecord fail-intent replay preserves mismatches and recovers an exact stale guard [173.00ms]
(pass) idempotency, lock, and artifact services > IdempotencyRecord fail-intent recovery preserves a replacement guard generation [95.00ms]
(pass) idempotency, lock, and artifact services > IdempotencyRecord completed invalidation requires exact digest and result_ref [76.00ms]
(pass) idempotency, lock, and artifact services > IdempotencyRecord invalidates a completed record missing result_ref [77.00ms]
(pass) idempotency, lock, and artifact services > IdempotencyRecord invalidates an unsafe completed task result_ref without using it as a path [44.00ms]
(pass) idempotency, lock, and artifact services > IdempotencyRecord invalidation preserves a completed authority changed after observation [40.00ms]
(pass) idempotency, lock, and artifact services > IdempotencyRecord storeRecord rejects public completed bypasses [115.00ms]
(pass) idempotency, lock, and artifact services > IdempotencyRecord storeRecord rejects direct nonterminal transitions and preserves records [76.00ms]
(pass) idempotency, lock, and artifact services > IdempotencyRecord unsafe rollback quarantine fails started, completed, and invalid-completed authority [240.00ms]
(pass) idempotency, lock, and artifact services > IdempotencyRecord unsafe rollback quarantine fails closed on malformed guards for every consumable state [99.00ms]
(pass) idempotency, lock, and artifact services > IdempotencyRecord malformed transition guard fails bounded without completing [17.00ms]
(pass) idempotency, lock, and artifact services > IdempotencyRecord rollback recovery preserves a valid busy transition guard [300.01ms]
(pass) idempotency, lock, and artifact services > IdempotencyRecord stale transition guard cleanup preserves a fresh replacement guard [88.00ms]
(pass) idempotency, lock, and artifact services > IdempotencyRecord stale transition cleanup lock is recoverable before completion [59.00ms]
(pass) idempotency, lock, and artifact services > IdempotencyRecord live transition cleanup lock stays busy and is not deleted [268.00ms]
(pass) idempotency, lock, and artifact services > IdempotencyRecord exact acquired transition artifact releases leave no residue [48.00ms]
(pass) idempotency, lock, and artifact services > IdempotencyRecord owner guard and cleanup-lock releases preserve physical replacements [96.00ms]
(pass) idempotency, lock, and artifact services > IdempotencyRecord stale valid guard deletion leaves only the reacquired record [117.00ms]
(pass) idempotency, lock, and artifact services > IdempotencyRecord stale cleanup-lock deletion preserves a fresh admitted replacement [23.00ms]
(pass) idempotency, lock, and artifact services > IdempotencyRecord malformed rollback cleanup retains its exact generation [18.00ms]
(pass) idempotency, lock, and artifact services > IdempotencyRecord malformed rollback cleanup never admits destructive drift hooks [50.00ms]
(pass) idempotency, lock, and artifact services > IdempotencyRecord malformed rollback cleanup preserves hardlinks and special entries [31.00ms]
(pass) idempotency, lock, and artifact services > TaskCard rollback evicts cached task when the durable lane is missing [20.00ms]
(pass) idempotency, lock, and artifact services > TaskCard unsafe rollback preserves cache without following an unknown lane [7.00ms]
(pass) idempotency, lock, and artifact services > IdempotencyRecord invalid schema is rejected without workspace files [1.00ms]
(pass) idempotency, lock, and artifact services > IdempotencyRecord completed status without result_ref is rejected without workspace files
(pass) idempotency, lock, and artifact services > oversized existing IdempotencyRecord fails closed without leaking record content [4.00ms]
(pass) idempotency, lock, and artifact services > small IdempotencyRecord reads allocate by record size instead of the full service cap [48.00ms]
(pass) idempotency, lock, and artifact services > symlinked IdempotencyRecord leaf fails closed without hydrating outside record [2.00ms]

::error file=packages/core/src/domain/services/idempotency-lock-artifact-services.test.ts,line=18315,col=76,title=error: expect(received).toEqual(expected)::  {%0A    artifact_id: "ART-single-link-sibling",%0A    created_at: "2026-07-07T13:00:00.000Z",%0A    created_by: "agent",%0A    evidence_usable: false,%0A+   llm_generated: false,%0A    media_type: "text/markdown",%0A    path: "artifacts/reports/TASK-0001/report.md",%0A    redaction_status: "not_needed",%0A    retention_class: "debug",%0A    source_refs: [],%0A    task_id: "TASK-0001",%0A    type: "report_markdown",%0A  }%0A%0A- Expected  - 0%0A+ Received  + 1%0A%0A      at <anonymous> (/home/runner/work/SHUD-Harness/SHUD-Harness/packages/core/src/domain/services/idempotency-lock-artifact-services.test.ts:18315:76)
18310 |     const artifactError = await captureTaskServiceError(() =>
18311 |       artifactService.getArtifact(targetArtifact.artifact_id)
18312 |     );
18313 | 
18314 |     expect(artifactError.code).toBe("record_malformed");
18315 |     expect(await artifactService.getArtifact(siblingArtifact.artifact_id)).toEqual(siblingArtifact);
                                                                                   ^
error: expect(received).toEqual(expected)

  {
    artifact_id: "ART-single-link-sibling",
    created_at: "2026-07-07T13:00:00.000Z",
    created_by: "agent",
    evidence_usable: false,
+   llm_generated: false,
    media_type: "text/markdown",
    path: "artifacts/reports/TASK-0001/report.md",
    redaction_status: "not_needed",
    retention_class: "debug",
    source_refs: [],
    task_id: "TASK-0001",
    type: "report_markdown",
  }

- Expected  - 0
+ Received  + 1

      at <anonymous> (/home/runner/work/SHUD-Harness/SHUD-Harness/packages/core/src/domain/services/idempotency-lock-artifact-services.test.ts:18315:76)
(fail) idempotency, lock, and artifact services > shared durable record reads reject hardlinked records and preserve regular siblings [50.00ms]
(pass) idempotency, lock, and artifact services > IdempotencyRecord lookup fails closed when stored key does not match the lookup path [3.00ms]
(pass) idempotency, lock, and artifact services > IdempotencyRecord lookup fails closed when stored scope does not match the lookup path [3.00ms]
(pass) idempotency, lock, and artifact services > LockRecord store/get validates schema and uses direct lookup paths [11.00ms]
(pass) idempotency, lock, and artifact services > LockRecord invalid schema or id is rejected without lock files [1.00ms]
(pass) idempotency, lock, and artifact services > LockRecord write preparation rejects unsafe record directories before partial writes [2.00ms]
(pass) idempotency, lock, and artifact services > workspace path helper rejects traversal and symlink escape while normalizing legal paths [3.00ms]
(pass) idempotency, lock, and artifact services > workspace path helper accepts dot-prefixed names and rejects unsafe boundaries [3.00ms]
(pass) idempotency, lock, and artifact services > TaskCard and record publication converge on one simultaneous missing tasks child [12.00ms]
(pass) idempotency, lock, and artifact services > TaskCard and record publication retain staggered missing-child cohort authority [33.00ms]
(pass) idempotency, lock, and artifact services > TaskCard oversized preparation maps no-hook provenance and stays early with hooks [19.00ms]
(pass) idempotency, lock, and artifact services > TaskCard snapshot hooks release authority resources on failure and repaired retry [10.00ms]
(pass) idempotency, lock, and artifact services > TaskCard getter-backed before hook keeps its owner and precedes publication [11.00ms]
(pass) idempotency, lock, and artifact services > TaskCard getter-backed after hook keeps its owner and observes published bytes [11.00ms]
(pass) idempotency, lock, and artifact services > TaskCard throwing getter-backed before hook leaves no residue and repairs in place [11.00ms]
(pass) idempotency, lock, and artifact services > TaskCard throwing getter-backed after hook compensates exactly and repairs in place [37.00ms]
(pass) idempotency, lock, and artifact services > TaskCard snapshot writes expose normalized task directories and reject symlink escape [9.00ms]
(pass) idempotency, lock, and artifact services > TaskCard snapshot writes revalidate after post-write hook before caching no-key creates [17.00ms]
(pass) idempotency, lock, and artifact services > TaskCard after-write validation rejects same-byte mutation epochs [14.00ms]
(pass) idempotency, lock, and artifact services > TaskCard snapshot writes reject schema-valid outer snapshot drift before caching [19.00ms]
(pass) idempotency, lock, and artifact services > TaskCard snapshot writes reject unknown nested task_card fields in producer bytes [21.00ms]
(pass) idempotency, lock, and artifact services > TaskCard durable reads reject unknown fields and accept canonical data with reordered JSON [41.00ms]
(pass) idempotency, lock, and artifact services > TaskCard startup hydration rejects hardlinked snapshots without quarantining them [11.00ms]
(pass) idempotency, lock, and artifact services > TaskCard failed durable reads evict only the requested cached task [19.00ms]
(pass) idempotency, lock, and artifact services > TaskCard snapshot writes preserve a directory successor outside their generation [18.00ms]
(pass) idempotency, lock, and artifact services > TaskCard hook publication preserves different-byte and same-byte new-inode successors [93.00ms]
(pass) idempotency, lock, and artifact services > TaskCard publication fails closed across same-inode pathname rebounds [167.00ms]
(pass) idempotency, lock, and artifact services > TaskCard publication preserves a pre-terminal sibling-drifted in-place snapshot [87.00ms]
(pass) idempotency, lock, and artifact services > TaskCard publication compensates pure in-place mutations under the retained parent epoch [67.00ms]
(pass) idempotency, lock, and artifact services > TaskCard publication preserves the canonical snapshot after sibling epoch drift [22.00ms]
(pass) idempotency, lock, and artifact services > TaskCard rollback consumes only its observed generation when a successor arrives [22.00ms]
(pass) idempotency, lock, and artifact services > TaskCard rollback rejects stale authority and preserves a valid current successor [18.00ms]
(pass) idempotency, lock, and artifact services > TaskCard public values stay isolated from canonical cache and durable state [29.00ms]
(pass) idempotency, lock, and artifact services > TaskCard cleanup observations remain private, one-shot, and permit-terminal [28.00ms]
(pass) idempotency, lock, and artifact services > TaskCard exact acceptance rejects a changed observation and boundedly installs its durable successor [22.00ms]
(pass) idempotency, lock, and artifact services > TaskCard cache generations preserve a newer direct read when stale settlement re-observation fails [18.00ms]
(pass) idempotency, lock, and artifact services > S29-P62-05 TaskCard hydration returns durable B instead of stale cached D [18.00ms]
(pass) idempotency, lock, and artifact services > TaskCard direct-read success remains locally visible across both failed-reader orderings [22.00ms]
(pass) idempotency, lock, and artifact services > TaskCard checked cache publication survives failed readers across every publishing surface [57.00ms]
(pass) idempotency, lock, and artifact services > S29-P62-09 repeated unique missing rollback prunes every vacant cache slot [76.00ms]
(pass) idempotency, lock, and artifact services > S27-P62-08 TaskCard observation setup failure preserves pre-existing A and concurrently published D [27.00ms]
(skip) idempotency, lock, and artifact services > TaskCard read hooks keep configured alias identity while exact settlement uses physical authority

::error file=packages/core/src/domain/services/idempotency-lock-artifact-services.test.ts,line=21431,col=63,title=error: expect(received).toEqual(expected)::  {%0A    artifact_id: "ART-0001",%0A    created_at: "2026-07-07T13:00:00.000Z",%0A    created_by: "agent",%0A    evidence_usable: false,%0A+   llm_generated: false,%0A    media_type: "text/markdown",%0A    path: "artifacts/reports/TASK-0001/report.md",%0A    redaction_status: "not_needed",%0A    retention_class: "debug",%0A    source_refs: [],%0A    task_id: "TASK-0001",%0A    type: "report_markdown",%0A  }%0A%0A- Expected  - 0%0A+ Received  + 1%0A%0A      at <anonymous> (/home/runner/work/SHUD-Harness/SHUD-Harness/packages/core/src/domain/services/idempotency-lock-artifact-services.test.ts:21431:63)
21426 |       "artifacts",
21427 |       "manifests",
21428 |       `${artifact.artifact_id}.json`
21429 |     );
21430 | 
21431 |     await expect(service.registerArtifact(artifact)).resolves.toEqual(expectedArtifact);
                                                                      ^
error: expect(received).toEqual(expected)

  {
    artifact_id: "ART-0001",
    created_at: "2026-07-07T13:00:00.000Z",
    created_by: "agent",
    evidence_usable: false,
+   llm_generated: false,
    media_type: "text/markdown",
    path: "artifacts/reports/TASK-0001/report.md",
    redaction_status: "not_needed",
    retention_class: "debug",
    source_refs: [],
    task_id: "TASK-0001",
    type: "report_markdown",
  }

- Expected  - 0
+ Received  + 1

      at <anonymous> (/home/runner/work/SHUD-Harness/SHUD-Harness/packages/core/src/domain/services/idempotency-lock-artifact-services.test.ts:21431:63)
(fail) idempotency, lock, and artifact services > Artifact registry normalizes artifact paths in stored manifests [8.00ms]

::error file=packages/core/src/domain/services/idempotency-lock-artifact-services.test.ts,line=21451,col=63,title=error: expect(received).toEqual(expected)::  {%0A    artifact_id: "ART-0001",%0A    created_at: "2026-07-07T13:00:00.000Z",%0A    created_by: "agent",%0A    evidence_usable: false,%0A+   llm_generated: false,%0A    media_type: "text/markdown",%0A    path: "artifacts/reports/TASK-0001/report.md ",%0A    redaction_status: "not_needed",%0A    retention_class: "debug",%0A    source_refs: [],%0A    task_id: "TASK-0001",%0A    type: "report_markdown",%0A  }%0A%0A- Expected  - 0%0A+ Received  + 1%0A%0A      at <anonymous> (/home/runner/work/SHUD-Harness/SHUD-Harness/packages/core/src/domain/services/idempotency-lock-artifact-services.test.ts:21451:63)
21446 |       "artifacts",
21447 |       "manifests",
21448 |       `${artifact.artifact_id}.json`
21449 |     );
21450 | 
21451 |     await expect(service.registerArtifact(artifact)).resolves.toEqual(artifact);
                                                                      ^
error: expect(received).toEqual(expected)

  {
    artifact_id: "ART-0001",
    created_at: "2026-07-07T13:00:00.000Z",
    created_by: "agent",
    evidence_usable: false,
+   llm_generated: false,
    media_type: "text/markdown",
    path: "artifacts/reports/TASK-0001/report.md ",
    redaction_status: "not_needed",
    retention_class: "debug",
    source_refs: [],
    task_id: "TASK-0001",
    type: "report_markdown",
  }

- Expected  - 0
+ Received  + 1

      at <anonymous> (/home/runner/work/SHUD-Harness/SHUD-Harness/packages/core/src/domain/services/idempotency-lock-artifact-services.test.ts:21451:63)
(fail) idempotency, lock, and artifact services > Artifact registry preserves trailing-space artifact path identity [5.00ms]

::error file=packages/core/src/domain/services/idempotency-lock-artifact-services.test.ts,line=21477,col=63,title=error: expect(received).toEqual(expected)::  {%0A    artifact_id: "ART-0001",%0A    created_at: "2026-07-07T13:00:00.000Z",%0A    created_by: "agent",%0A    evidence_usable: false,%0A+   llm_generated: false,%0A    media_type: "text/markdown",%0A    path: "artifacts/reports/./TASK-0001/report.md",%0A    redaction_status: "not_needed",%0A    retention_class: "debug",%0A    source_refs: [],%0A    task_id: "TASK-0001",%0A    type: "report_markdown",%0A  }%0A%0A- Expected  - 0%0A+ Received  + 1%0A%0A      at <anonymous> (/home/runner/work/SHUD-Harness/SHUD-Harness/packages/core/src/domain/services/idempotency-lock-artifact-services.test.ts:21477:63)
21472 |     await mkdir(join(workspaceRoot, "artifacts", "manifests"), {
21473 |       recursive: true
21474 |     });
21475 |     await writeFile(manifestPath, legacyManifestText, { flag: "wx" });
21476 | 
21477 |     await expect(service.registerArtifact(artifact)).resolves.toEqual(legacyArtifact);
                                                                      ^
error: expect(received).toEqual(expected)

  {
    artifact_id: "ART-0001",
    created_at: "2026-07-07T13:00:00.000Z",
    created_by: "agent",
    evidence_usable: false,
+   llm_generated: false,
    media_type: "text/markdown",
    path: "artifacts/reports/./TASK-0001/report.md",
    redaction_status: "not_needed",
    retention_class: "debug",
    source_refs: [],
    task_id: "TASK-0001",
    type: "report_markdown",
  }

- Expected  - 0
+ Received  + 1

      at <anonymous> (/home/runner/work/SHUD-Harness/SHUD-Harness/packages/core/src/domain/services/idempotency-lock-artifact-services.test.ts:21477:63)
(fail) idempotency, lock, and artifact services > Artifact registry treats legacy dot-segment manifests as equivalent duplicates [11.00ms]
(pass) idempotency, lock, and artifact services > Artifact registry rejects symlink escapes before writing manifests [1.00ms]

::error file=packages/core/src/domain/services/idempotency-lock-artifact-services.test.ts,line=21510,col=63,title=error: expect(received).toEqual(expected)::  {%0A    artifact_id: "ART-0001",%0A    created_at: "2026-07-07T13:00:00.000Z",%0A    created_by: "agent",%0A    evidence_usable: false,%0A+   llm_generated: false,%0A    media_type: "text/markdown",%0A    path: "artifacts/reports/TASK-0001/report.md",%0A    redaction_status: "not_needed",%0A    retention_class: "debug",%0A    source_refs: [],%0A    task_id: "TASK-0001",%0A    type: "report_markdown",%0A  }%0A%0A- Expected  - 0%0A+ Received  + 1%0A%0A      at <anonymous> (/home/runner/work/SHUD-Harness/SHUD-Harness/packages/core/src/domain/services/idempotency-lock-artifact-services.test.ts:21510:63)
21505 |     const { tempRoot, workspaceRoot } = await createTempWorkspacePath();
21506 |     tempRoots.push(tempRoot);
21507 |     const service = createArtifactRegistryService({ workspaceRoot });
21508 |     const artifact = validArtifact();
21509 | 
21510 |     await expect(service.registerArtifact(artifact)).resolves.toEqual(artifact);
                                                                      ^
error: expect(received).toEqual(expected)

  {
    artifact_id: "ART-0001",
    created_at: "2026-07-07T13:00:00.000Z",
    created_by: "agent",
    evidence_usable: false,
+   llm_generated: false,
    media_type: "text/markdown",
    path: "artifacts/reports/TASK-0001/report.md",
    redaction_status: "not_needed",
    retention_class: "debug",
    source_refs: [],
    task_id: "TASK-0001",
    type: "report_markdown",
  }

- Expected  - 0
+ Received  + 1

      at <anonymous> (/home/runner/work/SHUD-Harness/SHUD-Harness/packages/core/src/domain/services/idempotency-lock-artifact-services.test.ts:21510:63)
(fail) idempotency, lock, and artifact services > Artifact registry register/get persists metadata under manifests only [7.00ms]
(pass) idempotency, lock, and artifact services > Artifact registry rejects invalid type, id, and path without manifest files [3.00ms]
(pass) idempotency, lock, and artifact services > LockRecord and Artifact lookups fail closed on stored identity mismatch [6.00ms]

::error file=packages/core/src/domain/services/idempotency-lock-artifact-services.test.ts,line=21670,col=63,title=error: expect(received).toEqual(expected)::  {%0A    artifact_id: "ART-0001",%0A    created_at: "2026-07-07T13:00:00.000Z",%0A    created_by: "agent",%0A    evidence_usable: false,%0A+   llm_generated: false,%0A    media_type: "text/markdown",%0A    path: "artifacts/reports/TASK-0001/report.md",%0A    redaction_status: "not_needed",%0A    retention_class: "debug",%0A    source_refs: [],%0A    task_id: "TASK-0001",%0A    type: "report_markdown",%0A  }%0A%0A- Expected  - 0%0A+ Received  + 1%0A%0A      at <anonymous> (/home/runner/work/SHUD-Harness/SHUD-Harness/packages/core/src/domain/services/idempotency-lock-artifact-services.test.ts:21670:63)
21665 |       "artifacts",
21666 |       "manifests",
21667 |       `${artifact.artifact_id}.json`
21668 |     );
21669 | 
21670 |     await expect(service.registerArtifact(artifact)).resolves.toEqual(artifact);
                                                                      ^
error: expect(received).toEqual(expected)

  {
    artifact_id: "ART-0001",
    created_at: "2026-07-07T13:00:00.000Z",
    created_by: "agent",
    evidence_usable: false,
+   llm_generated: false,
    media_type: "text/markdown",
    path: "artifacts/reports/TASK-0001/report.md",
    redaction_status: "not_needed",
    retention_class: "debug",
    source_refs: [],
    task_id: "TASK-0001",
    type: "report_markdown",
  }

- Expected  - 0
+ Received  + 1

      at <anonymous> (/home/runner/work/SHUD-Harness/SHUD-Harness/packages/core/src/domain/services/idempotency-lock-artifact-services.test.ts:21670:63)
(fail) idempotency, lock, and artifact services > Artifact registry rejects divergent duplicate manifests and preserves the first [9.00ms]
(pass) idempotency, lock, and artifact services > hardlink publication rejects same-inode canonical rebound epochs on return and throw [97.00ms]
(pass) idempotency, lock, and artifact services > delete admission rejects same-inode rebound epochs for permit and ordinary callers [332.01ms]
(pass) idempotency, lock, and artifact services > unchanged invalid durable observations keep durable primary and callback compensation once [56.00ms]
(pass) idempotency, lock, and artifact services > every reachable hardlink post-link callback preserves same-inode rebound authority [890.02ms]
(pass) idempotency, lock, and artifact services > published rollback relinquishes a same-inode rebound before isolation [111.00ms]
(pass) idempotency, lock, and artifact services > post-rollback compensation callbacks prove terminal canonical absence [69.00ms]
(pass) idempotency, lock, and artifact services > published rollback relinquishment preserves a retained two-link canonical generation [216.00ms]
(pass) idempotency, lock, and artifact services > published rollback promotes only the boundary that relinquishes canonical authority [128.00ms]
(pass) idempotency, lock, and artifact services > relinquished canonical authority still proves every destructive private cleanup callback [535.01ms]
(pass) idempotency, lock, and artifact services > close hooks prove exact private authority before and after handle closure [411.01ms]
(pass) idempotency, lock, and artifact services > close hooks reject generation-only replacement with an exact private namespace [547.01ms]
(pass) idempotency, lock, and artifact services > cleanup hooks reject namespace-only replacement with an exact owned generation [361.01ms]
(pass) idempotency, lock, and artifact services > no-drift publication callback failures remain primary after exact owned rollback [38.00ms]
(pass) idempotency, lock, and artifact services > publication cleanup permits reject every retained-parent drift before admission [49.00ms]
(pass) idempotency, lock, and artifact services > transferred cleanup permits retain the exact parent binding until consume or cancel [35.00ms]
(pass) idempotency, lock, and artifact services > existing-record cleanup observations reject physical and namespace drift exactly [60.00ms]
(pass) idempotency, lock, and artifact services > existing-record cleanup observation cancel is strict, terminal, and schema-safe [14.00ms]
(pass) idempotency, lock, and artifact services > stale valid observation preserves a same-value different-inode replacement before lock [92.00ms]
(pass) idempotency, lock, and artifact services > malformed private marker fails closed before rollback cleanup admission [17.00ms]
(pass) idempotency, lock, and artifact services > owner guard and cleanup-lock releases settle exact artifacts after sibling epoch advance [107.00ms]
(pass) idempotency, lock, and artifact services > central release lifecycle preserves falsy bodies and flattens repeated envelopes [1.00ms]
(pass) idempotency, lock, and artifact services > central release lifecycle settles fulfilled values only after release rejection [3.00ms]
(pass) idempotency, lock, and artifact services > Phase 6.2 bounds cyclic and fresh prototype proxies through idempotency release [650.01ms]
(pass) idempotency, lock, and artifact services > Phase 6.2 bounds hostile prototype failures through TaskCard hydration and settlement (cyclic) [144.00ms]
(pass) idempotency, lock, and artifact services > Phase 6.2 bounds hostile prototype failures through TaskCard hydration and settlement (fresh) [271.01ms]
(pass) idempotency, lock, and artifact services > Phase 6.2 bounds hostile prototype failures through TaskCard hydration and settlement (throwing) [144.00ms]
(pass) idempotency, lock, and artifact services > TaskCard hydration distinguishes explicit non-Error failures from an omitted cause [5.00ms]
(pass) idempotency, lock, and artifact services > TaskCard single settlement retains safe Error and trusted carrier identity [36.00ms]
(pass) idempotency, lock, and artifact services > only authority-producing idempotency release sites opt into fulfilled-value settlement [14.00ms]
(pass) idempotency, lock, and artifact services > publish-lock release failure emergency-settles the fulfilled guard before propagating [112.00ms]
(pass) idempotency, lock, and artifact services > publish-lock release stays primary when fulfilled-guard emergency settlement also fails [126.00ms]
(pass) idempotency, lock, and artifact services > existing guard plus publish-lock release failure preserves the unowned generation [61.00ms]
(pass) idempotency, lock, and artifact services > pre-mutation emergency settlement preserves a replacement but terminates the exact guard permit [64.00ms]
(pass) idempotency, lock, and artifact services > idempotency post-mutation owner release recovers exact A after durable success [53.00ms]
(pass) idempotency, lock, and artifact services > idempotency release classes keep body primary and one ordered release compensation [170.00ms]
(pass) idempotency, lock, and artifact services > completeRecord preserves TaskServiceError compatibility across every release class [136.00ms]
(pass) idempotency, lock, and artifact services > lifecycle callback accessors are captured once before publication authority [11.00ms]
(pass) idempotency, lock, and artifact services > caller-owned lifecycle state proxies are rejected without setter execution [1.00ms]
(pass) idempotency, lock, and artifact services > writeJsonRecord returns an inert copy of schema output with a stateful then getter [5.00ms]
(pass) idempotency, lock, and artifact services > readJsonRecord normalizes a schema-transform thenable before its final proof [7.00ms]
(pass) idempotency, lock, and artifact services > lifecycle publication returns an inert copy of stateful thenable schema output [7.00ms]
(pass) idempotency, lock, and artifact services > create and cleanup observations nest only normalized inert records [6.00ms]
(pass) idempotency, lock, and artifact services > generic lifecycle preserves an in-place mutation after a pre-terminal sibling write [25.00ms]
(pass) idempotency, lock, and artifact services > generic lifecycle compensation preserves different-byte and same-byte new-inode successors [39.00ms]
(pass) idempotency, lock, and artifact services > generic lifecycle fails closed across same-inode pathname rebounds [90.00ms]
(pass) idempotency, lock, and artifact services > generic lifecycle compensates pure in-place mutations under the retained parent epoch [30.00ms]
(pass) idempotency, lock, and artifact services > published terminal cleanup preserves a successor created only after pinned close [15.00ms]
(pass) idempotency, lock, and artifact services > generic lifecycle preserves the canonical record after sibling epoch drift [14.00ms]
(pass) idempotency, lock, and artifact services > exact cleanup observations delete only their generation and release permit resources [43.00ms]
(pass) idempotency, lock, and artifact services > exact cleanup observation is non-destructive after a same-store sibling epoch advance [22.00ms]
(pass) idempotency, lock, and artifact services > task-lane empty removal uses direct rmdir without enumerating lane entries [94.00ms]
(pass) idempotency, lock, and artifact services > S27-P62-01 completed consumption lease linearizes before retained fail intent [177.00ms]
(pass) idempotency, lock, and artifact services > S27-P62-02 replacement B releases only A marker and preserves replacement marker [79.00ms]
(pass) idempotency, lock, and artifact services > S27-P62-03 malformed private marker fails closed while legacy identity remains compatible [65.00ms]
(pass) idempotency, lock, and artifact services > S27-P62-04 consumer validation failure is non-destructive and retryable [22.00ms]
(pass) idempotency, lock, and artifact services > S27-P62-05 unknown snapshot authority never reports successful cleanup [36.00ms]
(pass) idempotency, lock, and artifact services > S27-P62-06 equivalent publication does not create a phantom cache generation [19.00ms]
(pass) idempotency, lock, and artifact services > S27-P62-07 stale rollback A preserves already-published successor D [12.00ms]
(pass) idempotency, lock, and artifact services > S27-P62-10 absent hydration claim is ABA-safe across D publication and deletion [31.00ms]
(pass) idempotency, lock, and artifact services > TaskCard production publication keeps the bounded create-only fast path [16.00ms]
(pass) idempotency, lock, and artifact services > directory reproof reduces a stateful callback thenable to a terminal boolean [6.00ms]
(pass) idempotency, lock, and artifact services > generic record-store Promise settlements have an explicit inertness disposition [60.00ms]
(pass) idempotency, lock, and artifact services > S29-P62-01/02 quarantine refuses non-exact completed authority and preserves replacement B [128.00ms]
(pass) idempotency, lock, and artifact services > S29-P62-03 torn private transition markers fail closed while identity-only legacy remains compatible [65.00ms]
(pass) idempotency, lock, and artifact services > S29-P62-04 non-ENOENT metadata denial preserves cached A and retries in the same service [11.00ms]
(pass) idempotency, lock, and artifact services > S29-P62-06 keyed publication rollback preserves a byte-identical foreign inode [19.00ms]
(pass) idempotency, lock, and artifact services > S29-P62-10 direct TaskServiceError adapter preserves descriptor and repeated-fold semantics [1.00ms]
(pass) idempotency, lock, and artifact services > S30-P62-01/02 completed quarantine preserves same- and different-result foreign generations [172.00ms]
(pass) idempotency, lock, and artifact services > S30-P62-04 post-precheck deletion invalidates the old service cache [23.00ms]
(pass) idempotency, lock, and artifact services > S30-P62-05 first hydration metadata denial preserves cached A and retries [12.00ms]
(pass) idempotency, lock, and artifact services > S30-P62-06 live observation cancellation prunes production cache claims [2.00ms]
(pass) idempotency, lock, and artifact services > S30-P62-07 only a genuine reserved directory is exempt from hydration capacity [514.01ms]
(pass) idempotency, lock, and artifact services > S31-P62-01 completed consumption transports exact authority across later invalidation [82.00ms]
(pass) idempotency, lock, and artifact services > S31-P62-02 retained fail intent never rewrites a foreign completed generation [111.00ms]
(pass) idempotency, lock, and artifact services > S31-P62-07 snapshot authority classification is attempt-local across services [21.00ms]
(pass) idempotency, lock, and artifact services > S31-P62-08 hydration inventory and capacity bind one tasks-root generation [92.00ms]
(pass) idempotency, lock, and artifact services > S31-P62-09 repeated folds keep event slots while deduplicating identity views [1.00ms]
(pass) idempotency, lock, and artifact services > S31-P62-11 cache diagnostics are observation-only after claim mutation [2.00ms]
(pass) idempotency, lock, and artifact services > S31-P62-12 malformed hydration deletes phantom cache before repair and rehydrates [15.00ms]
(pass) idempotency, lock, and artifact services > S31-P62-13 hydration metadata denial is unknown and retries in the same service [10.00ms]
(pass) idempotency, lock, and artifact services > S31-P62-14 reserved symlink counts against the 1,024-entry hydration bound [78.00ms]
(pass) idempotency, lock, and artifact services > S32-P62-06 attempt-local unknown never deletes a previously cached task [23.00ms]
(pass) idempotency, lock, and artifact services > S32-P62-07 same-inode member expansion restarts the entire bounded inventory [84.00ms]
(pass) idempotency, lock, and artifact services > S32-P62-07 tasks-root A-to-B-to-A forces a fresh bounded attempt [9.00ms]
(pass) idempotency, lock, and artifact services > S32-P62-07 retry exhaustion settles every attempt-local cache claim [11.00ms]
(pass) idempotency, lock, and artifact services > S32-P62-11 diagnostics failures at a live claim are observation-only [3.00ms]
(pass) idempotency, lock, and artifact services > S32-P62-09 independent provenance folds retain distinct ordered occurrences [1.00ms]
(pass) idempotency, lock, and artifact services > S32-P62-12 real tasks-root lstat denial retains cache and retries in one service [11.00ms]
(pass) idempotency, lock, and artifact services > S32-P62-13 bounded malformed and missing successors delete stale cache [28.00ms]
(pass) idempotency, lock, and artifact services > S32-P62-01 exact completed authority never semantically reauthorizes same-byte B [86.00ms]
(pass) idempotency, lock, and artifact services > S32-P62-02 completed mutation authority has one deterministic terminal outcome [82.00ms]
(pass) idempotency, lock, and artifact services > S32-P62-08 publication transfer rejects a changed leaf before accepting authority [11.00ms]
(pass) idempotency, lock, and artifact services > S33-P62-02 absent-to-created tasks root restarts hydration instead of publishing empty [8.00ms]
(pass) idempotency, lock, and artifact services > S33-P62-03 root drift between final proof and cache commit restarts the attempt [23.00ms]
(pass) idempotency, lock, and artifact services > S33-P62-05 durable-read denial during hydration retains unrelated cached lanes [23.00ms]
(pass) idempotency, lock, and artifact services > S33-P62-05 exact malformed evidence deletes only the failing lane cache [26.00ms]
(pass) idempotency, lock, and artifact services > S33-P62-06 mid-batch publication throw settles every hydration claim [28.00ms]
(pass) idempotency, lock, and artifact services > S34-P62-03 lost cleanup delete-settlement reconciles cache with durable absence [20.00ms]
(pass) idempotency, lock, and artifact services > S34-P62-03 lost reject delete-settlement reconciles cache with durable absence [13.00ms]
(pass) idempotency, lock, and artifact services > S34-P62-03 lost task_not_found delete-settlement reconciles cache with durable absence [14.00ms]
(pass) idempotency, lock, and artifact services > Issue79 Child A stale fail-intent generation race classifies completed successor [39.00ms]
(pass) idempotency, lock, and artifact services > Issue79 Child A completed rollback generation race classifies completed successor [37.00ms]
(pass) idempotency, lock, and artifact services > Issue79 Child A stale fail-intent generation race classifies mismatch successor [37.00ms]
(pass) idempotency, lock, and artifact services > Issue79 Child A completed rollback compatibility row classifies mismatch successor [33.00ms]
(pass) idempotency, lock, and artifact services > Issue79 Child A stale fail-intent generation race classifies invalid_missing_result_ref successor [36.00ms]
(pass) idempotency, lock, and artifact services > Issue79 Child A completed rollback compatibility row classifies invalid_missing_result_ref successor [34.00ms]
(pass) idempotency, lock, and artifact services > Issue79 Child A stale fail-intent generation race classifies invalid_unsafe_result_ref successor [38.00ms]
(pass) idempotency, lock, and artifact services > Issue79 Child A completed rollback generation race classifies invalid_unsafe_result_ref successor [33.00ms]
(pass) idempotency, lock, and artifact services > Issue79 Child A stale fail-intent generation race classifies started successor [35.00ms]
(pass) idempotency, lock, and artifact services > Issue79 Child A completed rollback generation race classifies started successor [33.00ms]
(pass) idempotency, lock, and artifact services > Issue79 Child A stale fail-intent generation race classifies failed successor [36.00ms]
(pass) idempotency, lock, and artifact services > Issue79 Child A completed rollback generation race classifies failed successor [33.00ms]
(pass) idempotency, lock, and artifact services > Issue79 Child A stale fail-intent generation race classifies canonical_equal_same_inode successor [36.00ms]
(pass) idempotency, lock, and artifact services > Issue79 Child A completed rollback generation race classifies canonical_equal_same_inode successor [33.00ms]
(pass) idempotency, lock, and artifact services > Issue79 Child A stale fail-intent generation race classifies canonical_equal_replacement_inode successor [36.00ms]
(pass) idempotency, lock, and artifact services > Issue79 Child A completed rollback generation race classifies canonical_equal_replacement_inode successor [34.00ms]
(pass) idempotency, lock, and artifact services > Issue79 Child A stale fail-intent generation race classifies malformed successor [38.00ms]
(pass) idempotency, lock, and artifact services > Issue79 Child A completed rollback compatibility row classifies malformed successor [33.00ms]
(pass) idempotency, lock, and artifact services > Issue79 Child A stale fail-intent generation race classifies missing successor [36.00ms]
(pass) idempotency, lock, and artifact services > Issue79 Child A completed rollback generation race classifies missing successor [32.00ms]
(pass) idempotency, lock, and artifact services > Issue79 Child A completed rollback replays terminal authority before complete-guard settlement [49.00ms]
(pass) idempotency, lock, and artifact services > Issue79 Child A stale exact fail guard settles around terminal replay [70.00ms]
(pass) idempotency, lock, and artifact services > Issue79 Child A malformed successor remains primary with exact guard settlement failure [38.00ms]
(pass) idempotency, lock, and artifact services > Issue79 Child A uncontended recovery publishes replayable failed and completed records [70.00ms]
(pass) idempotency, lock, and artifact services > Issue79 Child A stale_fail_intent writer failure remains primary and resource-clean [42.00ms]
(pass) idempotency, lock, and artifact services > Issue79 Child A completed_rollback writer failure remains primary and resource-clean [25.00ms]
(pass) idempotency, lock, and artifact services > Issue79 R1 refresh failure remains primary when exact guard consumption succeeds [45.00ms]
(pass) idempotency, lock, and artifact services > Issue79 guard consume failure remains primary without fresh public re-observation [51.00ms]
(pass) idempotency, lock, and artifact services > S34-P62-06/Child-A1 guard-recovery completed swap captures each rejection once [65.00ms]
(pass) idempotency, lock, and artifact services > S34-P62-07 ENOTDIR lane swap inside the reader window retains the lane cache [24.00ms]
(pass) idempotency, lock, and artifact services > S34-P62-07 genuine ENOENT missing inside the reader window still deletes exactly [13.00ms]
(pass) idempotency, lock, and artifact services > S34-P62-12 hydration proofs consume one stat source with a stable virtual generation [9.00ms]
(pass) idempotency, lock, and artifact services > S34-P62-12 root drift is injectable at the enumeration, per-entry, and pre-read proofs [26.00ms]
(pass) idempotency, lock, and artifact services > S34-P62-10 observation seam cannot flip the lifecycle-publish exact-generation permit [21.00ms]
(pass) idempotency, lock, and artifact services > S34-P62-13 record-authority alias set retains the physical-exact identity [9.00ms]
(pass) idempotency, lock, and artifact services > S34-P62-14 claimed-lane disappearance across a root swap escalates fail-closed and self-heals [19.00ms]
(pass) idempotency, lock, and artifact services > S33-P62-01 quarantine fallback refuses tokenless completed mutation [106.00ms]
(pass) idempotency, lock, and artifact services > S33-P62-07 release exit keeps a rejected publication-handle close re-drivable [18.00ms]
(pass) idempotency, lock, and artifact services > S33-P62-07 rollback exit preserves the mismatch primary across a rejected descriptor close [24.00ms]
(pass) idempotency, lock, and artifact services > S33-P62-07 create exit folds a rejected descriptor close behind the publish primary [20.00ms]
(pass) idempotency, lock, and artifact services > S34-P62-15 single denied reobservation transports the read-attempt carrier as the terminal publish cause [16.00ms]
(pass) idempotency, lock, and artifact services > S34-P62-16 shared consume rejection remains primary when exact guard release recovers [82.00ms]
(pass) idempotency, lock, and artifact services > S33-P62-08 transported completed authority settles terminally on failed write, missing record, and identity mismatch [708.02ms]
(pass) idempotency, lock, and artifact services > S36-P62-01 exact guard recovery returns rejected authority without failure settlement [81.00ms]
(pass) idempotency, lock, and artifact services > S36-P62-02 refresh-body compound makes every later cancellation final [81.00ms]
(pass) idempotency, lock, and artifact services > S35-P62-01 exact invalidation recovers guard release before durable-proof failure [94.00ms]
(pass) idempotency, lock, and artifact services > S35-P62-02 exact guard settlement removes fresh terminal reobservation [90.00ms]
(pass) idempotency, lock, and artifact services > S35-P62-03 exact guard release recovers after durable failed-record proof rejects [61.00ms]
(pass) idempotency, lock, and artifact services > S33-P62-10 create-only fast path rejects a changed leaf without hook-flip or pathname opens [11.00ms]
(pass) idempotency, lock, and artifact services > S35-P62-04 real TaskCard after-write compensation preserves 0/1/2 entries and exact undefined [47.00ms]
(pass) idempotency, lock, and artifact services > S35-P62-05 real TaskCard authority-transfer compensation preserves reachable 1/2 entries [17.00ms]
(pass) idempotency, lock, and artifact services > S35-P62-06 real TaskCard rollback preserves the zero-compensation primary and closes resources [21.00ms]
(pass) idempotency, lock, and artifact services > CORR-R4-01 exact quarantine settles a committed final-release producer without protocol substitution [68.00ms]
(pass) idempotency, lock, and artifact services > CORR-R4-01 retained fail-intent rejection never adopts a fresh-baseline second write [43.00ms]
(pass) idempotency, lock, and artifact services > committed mutable publication keeps later permit binding final after namespace cleanup failures [30.00ms]
(pass) idempotency, lock, and artifact services > TaskCard rollback and publication exits keep occurrence entries as the only failure authority [1.00ms]
(pass) idempotency, lock, and artifact services > private exact settlement terminal predicate and permit reuse matrix preserves public successors [28.00ms]
(pass) idempotency, lock, and artifact services > same private generation ticket coalesces concurrent settlement and preserves successor B [15.00ms]
(pass) idempotency, lock, and artifact services > binding finalization records one shared rejection at both physical release points [10.00ms]
(pass) idempotency, lock, and artifact services > early permit-admission action rejection keeps an undefined binding finalizer occurrence [10.00ms]
(pass) idempotency, lock, and artifact services > idempotency owner-release consumer accepts explicit missing and superseded convergence [94.00ms]
(pass) idempotency, lock, and artifact services > idempotency owner-release consumer propagates ordinary and ledger-carried pre-mutation failures [116.00ms]
(pass) idempotency, lock, and artifact services > private proof drift is irreversible after hardlink or namespace-mode restoration [28.00ms]
(pass) idempotency, lock, and artifact services > private settlement failures keep truthful phase vectors and release every counted resource [88.00ms]

::endgroup::

::group::packages/core/src/domain/services/workspace-path-safety-denied.test.ts:
(pass) workspace path denied relative roots > public service input exposes the opt-in deniedRelativeRoots contract [2.00ms]
(pass) workspace path denied relative roots > exact, nested, and traversal-normalized secrets targets fail with the denied-boundary error
(pass) workspace path denied relative roots > a physical symlink alias into secrets fails as denied before generic symlink rejection [1.00ms]
(pass) workspace path denied relative roots > denied workspace roots dominate overlapping read-only boundaries [4.00ms]
(pass) workspace path denied relative roots > denied roots dominate descendant read-only aliases landing in the workspace [4.00ms]
(pass) workspace path denied relative roots > outside targets fail containment before denied-root physical observation [1.00ms]
(pass) workspace path denied relative roots > allowed read-only targets remain readable without denied-root physical observation [1.00ms]
(pass) workspace path denied relative roots > invalid policies fail with the one stable policy error [1.00ms]
(pass) workspace path denied relative roots > sibling paths and omitted or empty policies preserve prior resolution and symlink errors [2.00ms]

::endgroup::

::group::packages/core/src/domain/services/workspace-record-root-mutation.test.ts:
(pass) workspace record root mutation authority > the public type contract rejects async callbacks and accepts synchronous callbacks [4624.09ms]
(pass) workspace record root mutation authority > a hostile thenable is rejected without assimilation and releases root authority [35.00ms]
(pass) workspace record root mutation authority > a same-root Promise operation is rejected promptly and completes after lock release [12.00ms]

::endgroup::

7 tests skipped:
(skip) idempotency, lock, and artifact services > physical authority identity converges across filesystem case aliases and isolates workspaces
(skip) idempotency, lock, and artifact services > missing ASCII record leaf case aliases share authority before creation
(skip) idempotency, lock, and artifact services > retained cleanup permits bound cumulative case aliases and recover after terminal admission
(skip) idempotency, lock, and artifact services > normalization aliases converge on a visible case-insensitive workspace
(skip) idempotency, lock, and artifact services > sigma and final-sigma aliases converge on a visible case-insensitive workspace
(skip) idempotency, lock, and artifact services > sharp-s and SS aliases converge on a visible case-insensitive workspace
(skip) idempotency, lock, and artifact services > TaskCard read hooks keep configured alias identity while exact settlement uses physical authority


9 tests failed:
(fail) idempotency, lock, and artifact services > legacy ordinary 0644 records normalize through their descriptor before deletion [17.00ms]
(fail) idempotency, lock, and artifact services > base-writer umask generations remain safely deletable across every ordinary consumer [40.00ms]
(fail) idempotency, lock, and artifact services > Artifact duplicate registration converges across the owned publication window [19.00ms]
(fail) idempotency, lock, and artifact services > shared durable record reads reject hardlinked records and preserve regular siblings [50.00ms]
(fail) idempotency, lock, and artifact services > Artifact registry normalizes artifact paths in stored manifests [8.00ms]
(fail) idempotency, lock, and artifact services > Artifact registry preserves trailing-space artifact path identity [5.00ms]
(fail) idempotency, lock, and artifact services > Artifact registry treats legacy dot-segment manifests as equivalent duplicates [11.00ms]
(fail) idempotency, lock, and artifact services > Artifact registry register/get persists metadata under manifests only [7.00ms]
(fail) idempotency, lock, and artifact services > Artifact registry rejects divergent duplicate manifests and preserves the first [9.00ms]

 501 pass
 7 skip
 9 fail
 29614 expect() calls
Ran 517 tests across 5 files. [89.03s]
error: script "test:core-services" exited with code 1
error: script "check" exited with code 1

===== issue-89-generate.log =====
$ bun scripts/schema/generate.ts

===== issue-89-schema-check.log =====
$ sh scripts/schema/check.sh
$ bun scripts/schema/generate.ts --self-test
Artifact JSON Schema is stricter than Zod input semantics
error: script "test:schema-generation" exited with code 1
error: script "schema:check" exited with code 1

===== issue-89-test-generator.log =====
$ bun scripts/schema/generate.ts --self-test
Artifact JSON Schema is stricter than Zod input semantics
error: script "test:schema-generation" exited with code 1

===== issue-89-test-schemas.log =====
$ bun test ./packages/core/src/domain/schemas/core-schemas.test.ts
bun test v1.2.19 (aad3abea)

::group::packages/core/src/domain/schemas/core-schemas.test.ts:
(pass) core Zod schemas > TaskCard accepts a valid stored object and rejects missing required fields [7.00ms]
(pass) core Zod schemas > TaskCard rejects status values outside the coarse state machine
(pass) core Zod schemas > Artifact accepts a valid object, defaults llm_generated, and stays strict [2.00ms]
(pass) core Zod schemas > ErrorRecord accepts remediation and rejects invalid next_action [1.00ms]
(pass) core Zod schemas > IdempotencyRecord accepts request_digest and rejects missing required fields [1.00ms]
(pass) core Zod schemas > LockRecord accepts a valid object and rejects missing required fields [1.00ms]
(pass) core Zod schemas > StackLock accepts the complete four-repository record and rejects deprecated shapes [3.00ms]
(pass) core Zod schemas > DataProvenance accepts object windows and hashed sources while rejecting legacy inputs [2.00ms]
(pass) core Zod schemas > ArtifactManifest requires complete Artifact records and canonical manifest ids [2.00ms]

::endgroup::

 9 pass
 0 fail
 58 expect() calls
Ran 9 tests across 1 file. [79.00ms]

===== issue-89-typecheck.log =====
$ tsc --noEmit -p tsconfig.json
